ID_Table,ID,Name,Variable,Method,Class,Package,File Path,File Name,System,Version,Release
1,CS1,AssumingSafeMultiLanguageReturnValues,java/lang/String,devices,,,vlc-android-master/medialibrary/jni/medialibrary.cpp,medialibrary.cpp,vlc-android,vlc-android-master,9/13/2019
2,CS2,AssumingSafeMultiLanguageReturnValues,java/lang/String,entryPoints,,,vlc-android-master/medialibrary/jni/medialibrary.cpp,medialibrary.cpp,vlc-android,vlc-android-master,9/13/2019
3,CS3,NotHandlingExceptions,java/lang/String,devices,,,vlc-android-master/medialibrary/jni/medialibrary.cpp,medialibrary.cpp,vlc-android,vlc-android-master,9/13/2019
4,CS4,NotHandlingExceptions,java/lang/String,entryPoints,,,vlc-android-master/medialibrary/jni/medialibrary.cpp,medialibrary.cpp,vlc-android,vlc-android-master,9/13/2019
5,CS5,LocalReferencesAbuse,strings[i],Java_org_videolan_libvlc_LibVLC_nativeNew,,,vlc-android-master/libvlc/jni/libvlcjni.c,libvlcjni.c,vlc-android,vlc-android-master,9/13/2019
6,CS6,UnusedDeclaration,,nativeGetArtistsCount,Genre,org.videolan.medialibrary.media,vlc-android-master/medialibrary/src/org/videolan/medialibrary/media/Genre.java,Genre.java,vlc-android,vlc-android-master,9/13/2019
7,CS7,UnusedDeclaration,,nativeSearch,Playlist,org.videolan.medialibrary.media,vlc-android-master/medialibrary/src/org/videolan/medialibrary/media/Playlist.java,Playlist.java,vlc-android,vlc-android-master,9/13/2019
8,CS8,UnusedDeclaration,,nativeGetRecentVideos,Medialibrary,org.videolan.medialibrary,vlc-android-master/medialibrary/src/org/videolan/medialibrary/Medialibrary.java,Medialibrary.java,vlc-android,vlc-android-master,9/13/2019
9,CS9,UnusedDeclaration,,nativeClearDatabase,Medialibrary,org.videolan.medialibrary,vlc-android-master/medialibrary/src/org/videolan/medialibrary/Medialibrary.java,Medialibrary.java,vlc-android,vlc-android-master,9/13/2019
10,CS10,UnusedDeclaration,,nativeUnbanFolder,Medialibrary,org.videolan.medialibrary,vlc-android-master/medialibrary/src/org/videolan/medialibrary/Medialibrary.java,Medialibrary.java,vlc-android,vlc-android-master,9/13/2019
11,CS11,UnusedDeclaration,,nativeSearchPagedMedia,Medialibrary,org.videolan.medialibrary,vlc-android-master/medialibrary/src/org/videolan/medialibrary/Medialibrary.java,Medialibrary.java,vlc-android,vlc-android-master,9/13/2019
12,CS12,UnusedDeclaration,,nativeSearchPlaylist,Medialibrary,org.videolan.medialibrary,vlc-android-master/medialibrary/src/org/videolan/medialibrary/Medialibrary.java,Medialibrary.java,vlc-android,vlc-android-master,9/13/2019
13,CS13,UnusedDeclaration,,nativeGetFolders,Medialibrary,org.videolan.medialibrary,vlc-android-master/medialibrary/src/org/videolan/medialibrary/Medialibrary.java,Medialibrary.java,vlc-android,vlc-android-master,9/13/2019
14,CS14,UnusedDeclaration,,nativeGetPagedGenres,Medialibrary,org.videolan.medialibrary,vlc-android-master/medialibrary/src/org/videolan/medialibrary/Medialibrary.java,Medialibrary.java,vlc-android,vlc-android-master,9/13/2019
15,CS15,UnusedDeclaration,,nativeSearchPagedAlbum,Medialibrary,org.videolan.medialibrary,vlc-android-master/medialibrary/src/org/videolan/medialibrary/Medialibrary.java,Medialibrary.java,vlc-android,vlc-android-master,9/13/2019
16,CS16,UnusedDeclaration,,nativePlaylistCreate,Medialibrary,org.videolan.medialibrary,vlc-android-master/medialibrary/src/org/videolan/medialibrary/Medialibrary.java,Medialibrary.java,vlc-android,vlc-android-master,9/13/2019
17,CS17,UnusedDeclaration,,nativeGetSearchAlbumCount,Genre,org.videolan.medialibrary.media,vlc-android-master/medialibrary/src/org/videolan/medialibrary/media/Genre.java,Genre.java,vlc-android,vlc-android-master,9/13/2019
18,CS18,UnusedDeclaration,,nativeGetSearchCount,Playlist,org.videolan.medialibrary.media,vlc-android-master/medialibrary/src/org/videolan/medialibrary/media/Playlist.java,Playlist.java,vlc-android,vlc-android-master,9/13/2019
19,CS19,UnusedDeclaration,,nativeMedia,Folder,org.videolan.medialibrary.media,vlc-android-master/medialibrary/src/org/videolan/medialibrary/media/Folder.java,Folder.java,vlc-android,vlc-android-master,9/13/2019
20,CS20,UnusedDeclaration,,nativeRemoveDevice,Medialibrary,org.videolan.medialibrary,vlc-android-master/medialibrary/src/org/videolan/medialibrary/Medialibrary.java,Medialibrary.java,vlc-android,vlc-android-master,9/13/2019
21,CS21,UnusedDeclaration,,nativeGetPlaylistsCount,Medialibrary,org.videolan.medialibrary,vlc-android-master/medialibrary/src/org/videolan/medialibrary/Medialibrary.java,Medialibrary.java,vlc-android,vlc-android-master,9/13/2019
22,CS22,UnusedDeclaration,,nativeSearchArtist,Medialibrary,org.videolan.medialibrary,vlc-android-master/medialibrary/src/org/videolan/medialibrary/Medialibrary.java,Medialibrary.java,vlc-android,vlc-android-master,9/13/2019
23,CS23,UnusedDeclaration,,nativeGetArtists,Genre,org.videolan.medialibrary.media,vlc-android-master/medialibrary/src/org/videolan/medialibrary/media/Genre.java,Genre.java,vlc-android,vlc-android-master,9/13/2019
24,CS24,UnusedDeclaration,,nativeOnMouseEvent,AWindow,org.videolan.libvlc,vlc-android-master/libvlc/src/org/videolan/libvlc/AWindow.java,AWindow.java,vlc-android,vlc-android-master,9/13/2019
25,CS25,UnusedDeclaration,,nativeInit,Medialibrary,org.videolan.medialibrary,vlc-android-master/medialibrary/src/org/videolan/medialibrary/Medialibrary.java,Medialibrary.java,vlc-android,vlc-android-master,9/13/2019
26,CS26,UnusedDeclaration,,nativeGetMediaFromMrl,Medialibrary,org.videolan.medialibrary,vlc-android-master/medialibrary/src/org/videolan/medialibrary/Medialibrary.java,Medialibrary.java,vlc-android,vlc-android-master,9/13/2019
27,CS27,UnusedDeclaration,,nativeGetRecentAudio,Medialibrary,org.videolan.medialibrary,vlc-android-master/medialibrary/src/org/videolan/medialibrary/Medialibrary.java,Medialibrary.java,vlc-android,vlc-android-master,9/13/2019
28,CS28,UnusedDeclaration,,nativeGetVideoCount,Medialibrary,org.videolan.medialibrary,vlc-android-master/medialibrary/src/org/videolan/medialibrary/Medialibrary.java,Medialibrary.java,vlc-android,vlc-android-master,9/13/2019
29,CS29,UnusedDeclaration,,nativeGetFoldersCount,Medialibrary,org.videolan.medialibrary,vlc-android-master/medialibrary/src/org/videolan/medialibrary/Medialibrary.java,Medialibrary.java,vlc-android,vlc-android-master,9/13/2019
30,CS30,UnusedDeclaration,,nativeGetPagedPlaylists,Medialibrary,org.videolan.medialibrary,vlc-android-master/medialibrary/src/org/videolan/medialibrary/Medialibrary.java,Medialibrary.java,vlc-android,vlc-android-master,9/13/2019
31,CS31,UnusedDeclaration,,nativeSetMediaTitle,MediaWrapper,org.videolan.medialibrary.media,vlc-android-master/medialibrary/src/org/videolan/medialibrary/media/MediaWrapper.java,MediaWrapper.java,vlc-android,vlc-android-master,9/13/2019
32,CS32,UnusedDeclaration,,nativeLastStreamsPlayed,Medialibrary,org.videolan.medialibrary,vlc-android-master/medialibrary/src/org/videolan/medialibrary/Medialibrary.java,Medialibrary.java,vlc-android,vlc-android-master,9/13/2019
33,CS33,UnusedDeclaration,,nativeSubfoldersCount,Folder,org.videolan.medialibrary.media,vlc-android-master/medialibrary/src/org/videolan/medialibrary/media/Folder.java,Folder.java,vlc-android,vlc-android-master,9/13/2019
34,CS34,UnusedDeclaration,,nativeGetGenresCount,Medialibrary,org.videolan.medialibrary,vlc-android-master/medialibrary/src/org/videolan/medialibrary/Medialibrary.java,Medialibrary.java,vlc-android,vlc-android-master,9/13/2019
35,CS35,UnusedDeclaration,,nativePlaylistAdd,Playlist,org.videolan.medialibrary.media,vlc-android-master/medialibrary/src/org/videolan/medialibrary/media/Playlist.java,Playlist.java,vlc-android,vlc-android-master,9/13/2019
36,CS36,UnusedDeclaration,,nativeGetPagedAlbums,Genre,org.videolan.medialibrary.media,vlc-android-master/medialibrary/src/org/videolan/medialibrary/media/Genre.java,Genre.java,vlc-android,vlc-android-master,9/13/2019
37,CS37,UnusedDeclaration,,nativeGetGenre,Medialibrary,org.videolan.medialibrary,vlc-android-master/medialibrary/src/org/videolan/medialibrary/Medialibrary.java,Medialibrary.java,vlc-android,vlc-android-master,9/13/2019
38,CS38,UnusedDeclaration,,nativeSearchAlbums,Genre,org.videolan.medialibrary.media,vlc-android-master/medialibrary/src/org/videolan/medialibrary/media/Genre.java,Genre.java,vlc-android,vlc-android-master,9/13/2019
39,CS39,UnusedDeclaration,,nativeGetGenreSearchCount,Medialibrary,org.videolan.medialibrary,vlc-android-master/medialibrary/src/org/videolan/medialibrary/Medialibrary.java,Medialibrary.java,vlc-android,vlc-android-master,9/13/2019
40,CS40,UnusedDeclaration,,nativeReload,Medialibrary,org.videolan.medialibrary,vlc-android-master/medialibrary/src/org/videolan/medialibrary/Medialibrary.java,Medialibrary.java,vlc-android,vlc-android-master,9/13/2019
41,CS41,UnusedDeclaration,,nativeGetAudioCount,Medialibrary,org.videolan.medialibrary,vlc-android-master/medialibrary/src/org/videolan/medialibrary/Medialibrary.java,Medialibrary.java,vlc-android,vlc-android-master,9/13/2019
42,CS42,UnusedDeclaration,,nativeMediaCount,Folder,org.videolan.medialibrary.media,vlc-android-master/medialibrary/src/org/videolan/medialibrary/media/Folder.java,Folder.java,vlc-android,vlc-android-master,9/13/2019
43,CS43,UnusedDeclaration,,nativeSetMediaStringMetadata,MediaWrapper,org.videolan.medialibrary.media,vlc-android-master/medialibrary/src/org/videolan/medialibrary/media/MediaWrapper.java,MediaWrapper.java,vlc-android,vlc-android-master,9/13/2019
44,CS44,UnusedDeclaration,,nativeAddMedia,Medialibrary,org.videolan.medialibrary,vlc-android-master/medialibrary/src/org/videolan/medialibrary/Medialibrary.java,Medialibrary.java,vlc-android,vlc-android-master,9/13/2019
45,CS45,UnusedDeclaration,,nativeAddStream,Medialibrary,org.videolan.medialibrary,vlc-android-master/medialibrary/src/org/videolan/medialibrary/Medialibrary.java,Medialibrary.java,vlc-android,vlc-android-master,9/13/2019
46,CS46,UnusedDeclaration,,nativeGetSortedPagedVideos,Medialibrary,org.videolan.medialibrary,vlc-android-master/medialibrary/src/org/videolan/medialibrary/Medialibrary.java,Medialibrary.java,vlc-android,vlc-android-master,9/13/2019
47,CS47,UnusedDeclaration,,nativePlaylistAppend,Playlist,org.videolan.medialibrary.media,vlc-android-master/medialibrary/src/org/videolan/medialibrary/media/Playlist.java,Playlist.java,vlc-android,vlc-android-master,9/13/2019
48,CS48,UnusedDeclaration,,nativeIncreasePlayCount,Medialibrary,org.videolan.medialibrary,vlc-android-master/medialibrary/src/org/videolan/medialibrary/Medialibrary.java,Medialibrary.java,vlc-android,vlc-android-master,9/13/2019
49,CS49,UnusedDeclaration,,nativeRemoveExternalMedia,Medialibrary,org.videolan.medialibrary,vlc-android-master/medialibrary/src/org/videolan/medialibrary/Medialibrary.java,Medialibrary.java,vlc-android,vlc-android-master,9/13/2019
50,CS50,UnusedDeclaration,,nativeAddToHistory,Medialibrary,org.videolan.medialibrary,vlc-android-master/medialibrary/src/org/videolan/medialibrary/Medialibrary.java,Medialibrary.java,vlc-android,vlc-android-master,9/13/2019
51,CS51,UnusedDeclaration,,nativePlaylistAppendGroup,Playlist,org.videolan.medialibrary.media,vlc-android-master/medialibrary/src/org/videolan/medialibrary/media/Playlist.java,Playlist.java,vlc-android,vlc-android-master,9/13/2019
52,CS52,UnusedDeclaration,,nativeSearchPagedGenre,Medialibrary,org.videolan.medialibrary,vlc-android-master/medialibrary/src/org/videolan/medialibrary/Medialibrary.java,Medialibrary.java,vlc-android,vlc-android-master,9/13/2019
53,CS53,UnusedDeclaration,,nativeGetPlaylists,Medialibrary,org.videolan.medialibrary,vlc-android-master/medialibrary/src/org/videolan/medialibrary/Medialibrary.java,Medialibrary.java,vlc-android,vlc-android-master,9/13/2019
54,CS54,UnusedDeclaration,,nativeResumeBackgroundOperations,Medialibrary,org.videolan.medialibrary,vlc-android-master/medialibrary/src/org/videolan/medialibrary/Medialibrary.java,Medialibrary.java,vlc-android,vlc-android-master,9/13/2019
55,CS55,UnusedDeclaration,,nativeForceRescan,Medialibrary,org.videolan.medialibrary,vlc-android-master/medialibrary/src/org/videolan/medialibrary/Medialibrary.java,Medialibrary.java,vlc-android,vlc-android-master,9/13/2019
56,CS56,UnusedDeclaration,,nativeRemoveFromHistory,MediaWrapper,org.videolan.medialibrary.media,vlc-android-master/medialibrary/src/org/videolan/medialibrary/media/MediaWrapper.java,MediaWrapper.java,vlc-android,vlc-android-master,9/13/2019
57,CS57,UnusedDeclaration,,nativeSearchPagedArtist,Medialibrary,org.videolan.medialibrary,vlc-android-master/medialibrary/src/org/videolan/medialibrary/Medialibrary.java,Medialibrary.java,vlc-android,vlc-android-master,9/13/2019
58,CS58,UnusedDeclaration,,nativeGetPlaylist,Medialibrary,org.videolan.medialibrary,vlc-android-master/medialibrary/src/org/videolan/medialibrary/Medialibrary.java,Medialibrary.java,vlc-android,vlc-android-master,9/13/2019
59,CS59,UnusedDeclaration,,nativeSearchPagedPlaylist,Medialibrary,org.videolan.medialibrary,vlc-android-master/medialibrary/src/org/videolan/medialibrary/Medialibrary.java,Medialibrary.java,vlc-android,vlc-android-master,9/13/2019
60,CS60,UnusedDeclaration,,nativeGetMediaStringMetadata,MediaWrapper,org.videolan.medialibrary.media,vlc-android-master/medialibrary/src/org/videolan/medialibrary/media/MediaWrapper.java,MediaWrapper.java,vlc-android,vlc-android-master,9/13/2019
61,CS61,UnusedDeclaration,,nativeForceParserRetry,Medialibrary,org.videolan.medialibrary,vlc-android-master/medialibrary/src/org/videolan/medialibrary/Medialibrary.java,Medialibrary.java,vlc-android,vlc-android-master,9/13/2019
62,CS62,UnusedDeclaration,,nativeSetMediaAddedCbFlag,Medialibrary,org.videolan.medialibrary,vlc-android-master/medialibrary/src/org/videolan/medialibrary/Medialibrary.java,Medialibrary.java,vlc-android,vlc-android-master,9/13/2019
63,CS63,UnusedDeclaration,,nativeGetSortedPagedAudio,Medialibrary,org.videolan.medialibrary,vlc-android-master/medialibrary/src/org/videolan/medialibrary/Medialibrary.java,Medialibrary.java,vlc-android,vlc-android-master,9/13/2019
64,CS64,UnusedDeclaration,,nativeAddDevice,Medialibrary,org.videolan.medialibrary,vlc-android-master/medialibrary/src/org/videolan/medialibrary/Medialibrary.java,Medialibrary.java,vlc-android,vlc-android-master,9/13/2019
65,CS65,UnusedDeclaration,,nativeGetTracksCount,Playlist,org.videolan.medialibrary.media,vlc-android-master/medialibrary/src/org/videolan/medialibrary/media/Playlist.java,Playlist.java,vlc-android,vlc-android-master,9/13/2019
66,CS66,UnusedDeclaration,,nativeGetPagedTracks,Playlist,org.videolan.medialibrary.media,vlc-android-master/medialibrary/src/org/videolan/medialibrary/media/Playlist.java,Playlist.java,vlc-android,vlc-android-master,9/13/2019
67,CS67,UnusedDeclaration,,nativeSubfolders,Folder,org.videolan.medialibrary.media,vlc-android-master/medialibrary/src/org/videolan/medialibrary/media/Folder.java,Folder.java,vlc-android,vlc-android-master,9/13/2019
68,CS68,UnusedDeclaration,,nativePauseBackgroundOperations,Medialibrary,org.videolan.medialibrary,vlc-android-master/medialibrary/src/org/videolan/medialibrary/Medialibrary.java,Medialibrary.java,vlc-android,vlc-android-master,9/13/2019
69,CS69,UnusedDeclaration,,nativeGetVideos,Medialibrary,org.videolan.medialibrary,vlc-android-master/medialibrary/src/org/videolan/medialibrary/Medialibrary.java,Medialibrary.java,vlc-android,vlc-android-master,9/13/2019
70,CS70,UnusedDeclaration,,nativeRequestThumbnail,MediaWrapper,org.videolan.medialibrary.media,vlc-android-master/medialibrary/src/org/videolan/medialibrary/media/MediaWrapper.java,MediaWrapper.java,vlc-android,vlc-android-master,9/13/2019
71,CS71,UnusedDeclaration,,nativeGetSearchVideoCount,Medialibrary,org.videolan.medialibrary,vlc-android-master/medialibrary/src/org/videolan/medialibrary/Medialibrary.java,Medialibrary.java,vlc-android,vlc-android-master,9/13/2019
72,CS72,UnusedDeclaration,,nativeLastMediaPlayed,Medialibrary,org.videolan.medialibrary,vlc-android-master/medialibrary/src/org/videolan/medialibrary/Medialibrary.java,Medialibrary.java,vlc-android,vlc-android-master,9/13/2019
73,CS73,UnusedDeclaration,,nativeGetMediaLongMetadata,MediaWrapper,org.videolan.medialibrary.media,vlc-android-master/medialibrary/src/org/videolan/medialibrary/media/MediaWrapper.java,MediaWrapper.java,vlc-android,vlc-android-master,9/13/2019
74,CS74,UnusedDeclaration,,nativeGetArtistsSearchCount,Medialibrary,org.videolan.medialibrary,vlc-android-master/medialibrary/src/org/videolan/medialibrary/Medialibrary.java,Medialibrary.java,vlc-android,vlc-android-master,9/13/2019
75,CS75,UnusedDeclaration,,nativeClearHistory,Medialibrary,org.videolan.medialibrary,vlc-android-master/medialibrary/src/org/videolan/medialibrary/Medialibrary.java,Medialibrary.java,vlc-android,vlc-android-master,9/13/2019
76,CS76,UnusedDeclaration,,nativePlaylistMove,Playlist,org.videolan.medialibrary.media,vlc-android-master/medialibrary/src/org/videolan/medialibrary/media/Playlist.java,Playlist.java,vlc-android,vlc-android-master,9/13/2019
77,CS77,UnusedDeclaration,,nativeSearchPagedVideo,Medialibrary,org.videolan.medialibrary,vlc-android-master/medialibrary/src/org/videolan/medialibrary/Medialibrary.java,Medialibrary.java,vlc-android,vlc-android-master,9/13/2019
78,CS78,UnusedDeclaration,,nativeSearchAlbum,Medialibrary,org.videolan.medialibrary,vlc-android-master/medialibrary/src/org/videolan/medialibrary/Medialibrary.java,Medialibrary.java,vlc-android,vlc-android-master,9/13/2019
79,CS79,UnusedDeclaration,,nativeGetAlbumSearchCount,Medialibrary,org.videolan.medialibrary,vlc-android-master/medialibrary/src/org/videolan/medialibrary/Medialibrary.java,Medialibrary.java,vlc-android,vlc-android-master,9/13/2019
80,CS80,UnusedDeclaration,,nativeGetSearchAudioCount,Medialibrary,org.videolan.medialibrary,vlc-android-master/medialibrary/src/org/videolan/medialibrary/Medialibrary.java,Medialibrary.java,vlc-android,vlc-android-master,9/13/2019
81,CS81,UnusedDeclaration,,nativeOnWindowSize,AWindow,org.videolan.libvlc,vlc-android-master/libvlc/src/org/videolan/libvlc/AWindow.java,AWindow.java,vlc-android,vlc-android-master,9/13/2019
82,CS82,UnusedDeclaration,,nativeGetSearchMediaCount,Medialibrary,org.videolan.medialibrary,vlc-android-master/medialibrary/src/org/videolan/medialibrary/Medialibrary.java,Medialibrary.java,vlc-android,vlc-android-master,9/13/2019
83,CS83,UnusedDeclaration,,nativeGetSortedAudio,Medialibrary,org.videolan.medialibrary,vlc-android-master/medialibrary/src/org/videolan/medialibrary/Medialibrary.java,Medialibrary.java,vlc-android,vlc-android-master,9/13/2019
84,CS84,UnusedDeclaration,,nativePlaylistRemove,Playlist,org.videolan.medialibrary.media,vlc-android-master/medialibrary/src/org/videolan/medialibrary/media/Playlist.java,Playlist.java,vlc-android,vlc-android-master,9/13/2019
85,CS85,UnusedDeclaration,,nativeGetMedia,Artist,org.videolan.medialibrary.media,vlc-android-master/medialibrary/src/org/videolan/medialibrary/media/Artist.java,Artist.java,vlc-android,vlc-android-master,9/13/2019
86,CS86,UnusedDeclaration,,nativeGetSortedVideos,Medialibrary,org.videolan.medialibrary,vlc-android-master/medialibrary/src/org/videolan/medialibrary/Medialibrary.java,Medialibrary.java,vlc-android,vlc-android-master,9/13/2019
87,CS87,UnusedDeclaration,,nativeGetAlbum,Medialibrary,org.videolan.medialibrary,vlc-android-master/medialibrary/src/org/videolan/medialibrary/Medialibrary.java,Medialibrary.java,vlc-android,vlc-android-master,9/13/2019
88,CS88,UnusedDeclaration,,nativeSearchPagedAudio,Medialibrary,org.videolan.medialibrary,vlc-android-master/medialibrary/src/org/videolan/medialibrary/Medialibrary.java,Medialibrary.java,vlc-android,vlc-android-master,9/13/2019
89,CS89,UnusedDeclaration,,nativeGetAudio,Medialibrary,org.videolan.medialibrary,vlc-android-master/medialibrary/src/org/videolan/medialibrary/Medialibrary.java,Medialibrary.java,vlc-android,vlc-android-master,9/13/2019
90,CS90,UnusedDeclaration,,nativePlaylistDelete,Playlist,org.videolan.medialibrary.media,vlc-android-master/medialibrary/src/org/videolan/medialibrary/media/Playlist.java,Playlist.java,vlc-android,vlc-android-master,9/13/2019
91,CS91,UnusedDeclaration,,nativeGetPagedMedia,Artist,org.videolan.medialibrary.media,vlc-android-master/medialibrary/src/org/videolan/medialibrary/media/Artist.java,Artist.java,vlc-android,vlc-android-master,9/13/2019
92,CS92,UnusedDeclaration,,nativeSearchGenre,Medialibrary,org.videolan.medialibrary,vlc-android-master/medialibrary/src/org/videolan/medialibrary/Medialibrary.java,Medialibrary.java,vlc-android,vlc-android-master,9/13/2019
93,CS93,UnusedDeclaration,,nativeRemoveEntryPoint,Medialibrary,org.videolan.medialibrary,vlc-android-master/medialibrary/src/org/videolan/medialibrary/Medialibrary.java,Medialibrary.java,vlc-android,vlc-android-master,9/13/2019
94,CS94,UnusedDeclaration,,nativeSetMediaUpdatedCbFlag,Medialibrary,org.videolan.medialibrary,vlc-android-master/medialibrary/src/org/videolan/medialibrary/Medialibrary.java,Medialibrary.java,vlc-android,vlc-android-master,9/13/2019
95,CS95,UnusedDeclaration,,nativeGetAlbums,Genre,org.videolan.medialibrary.media,vlc-android-master/medialibrary/src/org/videolan/medialibrary/media/Genre.java,Genre.java,vlc-android,vlc-android-master,9/13/2019
96,CS96,UnusedDeclaration,,nativeEntryPoints,Medialibrary,org.videolan.medialibrary,vlc-android-master/medialibrary/src/org/videolan/medialibrary/Medialibrary.java,Medialibrary.java,vlc-android,vlc-android-master,9/13/2019
97,CS97,UnusedDeclaration,,nativeGetGenres,Medialibrary,org.videolan.medialibrary,vlc-android-master/medialibrary/src/org/videolan/medialibrary/Medialibrary.java,Medialibrary.java,vlc-android,vlc-android-master,9/13/2019
98,CS98,UnusedDeclaration,,nativeGetPlaylistSearchCount,Medialibrary,org.videolan.medialibrary,vlc-android-master/medialibrary/src/org/videolan/medialibrary/Medialibrary.java,Medialibrary.java,vlc-android,vlc-android-master,9/13/2019
99,CS99,UnusedDeclaration,,nativeBanFolder,Medialibrary,org.videolan.medialibrary,vlc-android-master/medialibrary/src/org/videolan/medialibrary/Medialibrary.java,Medialibrary.java,vlc-android,vlc-android-master,9/13/2019
100,CS100,UnusedDeclaration,,nativeGetAlbumsCount,Genre,org.videolan.medialibrary.media,vlc-android-master/medialibrary/src/org/videolan/medialibrary/media/Genre.java,Genre.java,vlc-android,vlc-android-master,9/13/2019
101,CS101,UnusedDeclaration,,nativeGetArtist,Medialibrary,org.videolan.medialibrary,vlc-android-master/medialibrary/src/org/videolan/medialibrary/Medialibrary.java,Medialibrary.java,vlc-android,vlc-android-master,9/13/2019
102,CS102,UnusedDeclaration,,nativeDevices,Medialibrary,org.videolan.medialibrary,vlc-android-master/medialibrary/src/org/videolan/medialibrary/Medialibrary.java,Medialibrary.java,vlc-android,vlc-android-master,9/13/2019
103,CS103,UnusedDeclaration,,nativeSetMediaLongMetadata,MediaWrapper,org.videolan.medialibrary.media,vlc-android-master/medialibrary/src/org/videolan/medialibrary/media/MediaWrapper.java,MediaWrapper.java,vlc-android,vlc-android-master,9/13/2019
104,CS104,UnusedDeclaration,,nativeSearchMedia,Medialibrary,org.videolan.medialibrary,vlc-android-master/medialibrary/src/org/videolan/medialibrary/Medialibrary.java,Medialibrary.java,vlc-android,vlc-android-master,9/13/2019
105,CS105,UnusedDeclaration,,nativeDiscover,Medialibrary,org.videolan.medialibrary,vlc-android-master/medialibrary/src/org/videolan/medialibrary/Medialibrary.java,Medialibrary.java,vlc-android,vlc-android-master,9/13/2019
106,CS106,UnusedDeclaration,,nativeSetMediaThumbnail,MediaWrapper,org.videolan.medialibrary.media,vlc-android-master/medialibrary/src/org/videolan/medialibrary/media/MediaWrapper.java,MediaWrapper.java,vlc-android,vlc-android-master,9/13/2019
107,CS107,UnusedDeclaration,,nativeGetPagedArtists,Genre,org.videolan.medialibrary.media,vlc-android-master/medialibrary/src/org/videolan/medialibrary/media/Genre.java,Genre.java,vlc-android,vlc-android-master,9/13/2019
108,CS108,UnusedImplementation,,navigate,MediaPlayer,org.videolan.libvlc,vlc-android-master/libvlc/src/org/videolan/libvlc/MediaPlayer.java,MediaPlayer.java,vlc-android,vlc-android-master,9/13/2019
109,CS109,UnusedImplementation,,setPosition,MediaPlayer,org.videolan.libvlc,vlc-android-master/libvlc/src/org/videolan/libvlc/MediaPlayer.java,MediaPlayer.java,vlc-android,vlc-android-master,9/13/2019
110,CS110,UnusedImplementation,,getChapter,MediaPlayer,org.videolan.libvlc,vlc-android-master/libvlc/src/org/videolan/libvlc/MediaPlayer.java,MediaPlayer.java,vlc-android,vlc-android-master,9/13/2019
111,CS111,UnusedImplementation,,previousChapter,MediaPlayer,org.videolan.libvlc,vlc-android-master/libvlc/src/org/videolan/libvlc/MediaPlayer.java,MediaPlayer.java,vlc-android,vlc-android-master,9/13/2019
112,CS112,UnusedImplementation,,changeset,LibVLC,org.videolan.libvlc,vlc-android-master/libvlc/src/org/videolan/libvlc/LibVLC.java,LibVLC.java,vlc-android,vlc-android-master,9/13/2019
113,CS113,UnusedImplementation,,getPosition,MediaPlayer,org.videolan.libvlc,vlc-android-master/libvlc/src/org/videolan/libvlc/MediaPlayer.java,MediaPlayer.java,vlc-android,vlc-android-master,9/13/2019
114,CS114,UnusedImplementation,,setTime,MediaPlayer,org.videolan.libvlc,vlc-android-master/libvlc/src/org/videolan/libvlc/MediaPlayer.java,MediaPlayer.java,vlc-android,vlc-android-master,9/13/2019
115,CS115,UnusedImplementation,,getVolume,MediaPlayer,org.videolan.libvlc,vlc-android-master/libvlc/src/org/videolan/libvlc/MediaPlayer.java,MediaPlayer.java,vlc-android,vlc-android-master,9/13/2019
116,CS116,UnusedImplementation,,setChapter,MediaPlayer,org.videolan.libvlc,vlc-android-master/libvlc/src/org/videolan/libvlc/MediaPlayer.java,MediaPlayer.java,vlc-android,vlc-android-master,9/13/2019
117,CS117,UnusedImplementation,,getPlayerState,MediaPlayer,org.videolan.libvlc,vlc-android-master/libvlc/src/org/videolan/libvlc/MediaPlayer.java,MediaPlayer.java,vlc-android,vlc-android-master,9/13/2019
118,CS118,UnusedImplementation,,isSeekable,MediaPlayer,org.videolan.libvlc,vlc-android-master/libvlc/src/org/videolan/libvlc/MediaPlayer.java,MediaPlayer.java,vlc-android,vlc-android-master,9/13/2019
119,CS119,UnusedImplementation,,nextChapter,MediaPlayer,org.videolan.libvlc,vlc-android-master/libvlc/src/org/videolan/libvlc/MediaPlayer.java,MediaPlayer.java,vlc-android,vlc-android-master,9/13/2019
120,CS120,UnusedImplementation,,version,LibVLC,org.videolan.libvlc,vlc-android-master/libvlc/src/org/videolan/libvlc/LibVLC.java,LibVLC.java,vlc-android,vlc-android-master,9/13/2019
121,CS121,UnusedImplementation,,getRate,MediaPlayer,org.videolan.libvlc,vlc-android-master/libvlc/src/org/videolan/libvlc/MediaPlayer.java,MediaPlayer.java,vlc-android,vlc-android-master,9/13/2019
122,CS122,UnusedImplementation,,setRate,MediaPlayer,org.videolan.libvlc,vlc-android-master/libvlc/src/org/videolan/libvlc/MediaPlayer.java,MediaPlayer.java,vlc-android,vlc-android-master,9/13/2019
123,CS123,UnusedImplementation,,compiler,LibVLC,org.videolan.libvlc,vlc-android-master/libvlc/src/org/videolan/libvlc/LibVLC.java,LibVLC.java,vlc-android,vlc-android-master,9/13/2019
124,CS124,NotUsingRelativePath,c++_shared,loadLibraries,LibVLC,org.videolan.libvlc,vlc-android-master/libvlc/src/org/videolan/libvlc/LibVLC.java,LibVLC.java,vlc-android,vlc-android-master,9/13/2019
125,CS125,NotUsingRelativePath,vlc,loadLibraries,LibVLC,org.videolan.libvlc,vlc-android-master/libvlc/src/org/videolan/libvlc/LibVLC.java,LibVLC.java,vlc-android,vlc-android-master,9/13/2019
126,CS126,NotUsingRelativePath,mla,init,Medialibrary,org.videolan.medialibrary,vlc-android-master/medialibrary/src/org/videolan/medialibrary/Medialibrary.java,Medialibrary.java,vlc-android,vlc-android-master,9/13/2019
127,CS127,NotUsingRelativePath,c++_shared,init,Medialibrary,org.videolan.medialibrary,vlc-android-master/medialibrary/src/org/videolan/medialibrary/Medialibrary.java,Medialibrary.java,vlc-android,vlc-android-master,9/13/2019
128,CS128,NotUsingRelativePath,vlcjni,loadLibraries,LibVLC,org.videolan.libvlc,vlc-android-master/libvlc/src/org/videolan/libvlc/LibVLC.java,LibVLC.java,vlc-android,vlc-android-master,9/13/2019
129,CS129,UnusedParameters,flags,writeToParcel,AbstractMediaWrapper,org.videolan.medialibrary.interfaces.media,vlc-android-master/medialibrary/src/org/videolan/medialibrary/interfaces/media/AbstractMediaWrapper.java,AbstractMediaWrapper.java,vlc-android,vlc-android-master,9/13/2019
130,CS130,UnusedParameters,mode,setWakeMode,MediaPlayer,org.videolan.libvlc.media,vlc-android-master/libvlc/src/org/videolan/libvlc/media/MediaPlayer.java,MediaPlayer.java,vlc-android,vlc-android-master,9/13/2019
131,CS131,UnusedParameters,width,setBuffersGeometry,AWindow,org.videolan.libvlc,vlc-android-master/libvlc/src/org/videolan/libvlc/AWindow.java,AWindow.java,vlc-android,vlc-android-master,9/13/2019
132,CS132,UnusedParameters,attributes,setAudioAttributes,MediaPlayer,org.videolan.libvlc.media,vlc-android-master/libvlc/src/org/videolan/libvlc/media/MediaPlayer.java,MediaPlayer.java,vlc-android,vlc-android-master,9/13/2019
133,CS133,UnusedParameters,flags,writeToParcel,MediaPlayer,org.videolan.libvlc.media,vlc-android-master/libvlc/src/org/videolan/libvlc/media/MediaPlayer.java,MediaPlayer.java,vlc-android,vlc-android-master,9/13/2019
134,CS134,UnusedParameters,argf1,onEventNative,LibVLC,org.videolan.libvlc,vlc-android-master/libvlc/src/org/videolan/libvlc/LibVLC.java,LibVLC.java,vlc-android,vlc-android-master,9/13/2019
135,CS135,UnusedParameters,listener,setOnCompletionListener,MediaPlayer,org.videolan.libvlc.media,vlc-android-master/libvlc/src/org/videolan/libvlc/media/MediaPlayer.java,MediaPlayer.java,vlc-android,vlc-android-master,9/13/2019
136,CS136,UnusedParameters,arg1,onEventNative,MediaDiscoverer,org.videolan.libvlc,vlc-android-master/libvlc/src/org/videolan/libvlc/MediaDiscoverer.java,MediaDiscoverer.java,vlc-android,vlc-android-master,9/13/2019
137,CS137,UnusedParameters,arg2,onEventNative,MediaDiscoverer,org.videolan.libvlc,vlc-android-master/libvlc/src/org/videolan/libvlc/MediaDiscoverer.java,MediaDiscoverer.java,vlc-android,vlc-android-master,9/13/2019
138,CS138,UnusedParameters,width,requestThumbnail,StubMediaWrapper,org.videolan.medialibrary.stubs,vlc-android-master/medialibrary/src/org/videolan/medialibrary/stubs/StubMediaWrapper.java,StubMediaWrapper.java,vlc-android,vlc-android-master,9/13/2019
139,CS139,UnusedParameters,arg2,onEventNative,RendererItem,org.videolan.libvlc,vlc-android-master/libvlc/src/org/videolan/libvlc/RendererItem.java,RendererItem.java,vlc-android,vlc-android-master,9/13/2019
140,CS140,UnusedParameters,arg1,onEventNative,RendererItem,org.videolan.libvlc,vlc-android-master/libvlc/src/org/videolan/libvlc/RendererItem.java,RendererItem.java,vlc-android,vlc-android-master,9/13/2019
141,CS141,UnusedParameters,args1,onEventNative,MediaDiscoverer,org.videolan.libvlc,vlc-android-master/libvlc/src/org/videolan/libvlc/MediaDiscoverer.java,MediaDiscoverer.java,vlc-android,vlc-android-master,9/13/2019
142,CS142,UnusedParameters,height,setBuffersGeometry,AWindow,org.videolan.libvlc,vlc-android-master/libvlc/src/org/videolan/libvlc/AWindow.java,AWindow.java,vlc-android,vlc-android-master,9/13/2019
143,CS143,UnusedParameters,mimeType,addTimedTextSource,MediaPlayer,org.videolan.libvlc.media,vlc-android-master/libvlc/src/org/videolan/libvlc/media/MediaPlayer.java,MediaPlayer.java,vlc-android,vlc-android-master,9/13/2019
144,CS144,UnusedParameters,audioSessionId,create,MediaPlayer,org.videolan.libvlc.media,vlc-android-master/libvlc/src/org/videolan/libvlc/media/MediaPlayer.java,MediaPlayer.java,vlc-android,vlc-android-master,9/13/2019
145,CS145,UnusedParameters,args1,onEventNative,RendererItem,org.videolan.libvlc,vlc-android-master/libvlc/src/org/videolan/libvlc/RendererItem.java,RendererItem.java,vlc-android,vlc-android-master,9/13/2019
146,CS146,UnusedParameters,sessionId,setAudioSessionId,MediaPlayer,org.videolan.libvlc.media,vlc-android-master/libvlc/src/org/videolan/libvlc/media/MediaPlayer.java,MediaPlayer.java,vlc-android,vlc-android-master,9/13/2019
147,CS147,UnusedParameters,title,displayExtensionItems,MediaSessionBrowser,org.videolan.vlc.media,vlc-android-master/vlc-android/src/org/videolan/vlc/media/MediaSessionBrowser.java,MediaSessionBrowser.java,vlc-android,vlc-android-master,9/13/2019
148,CS148,UnusedParameters,surface,setBuffersGeometry,AWindow,org.videolan.libvlc,vlc-android-master/libvlc/src/org/videolan/libvlc/AWindow.java,AWindow.java,vlc-android,vlc-android-master,9/13/2019
149,CS149,UnusedParameters,offset,addTimedTextSource,MediaPlayer,org.videolan.libvlc.media,vlc-android-master/libvlc/src/org/videolan/libvlc/media/MediaPlayer.java,MediaPlayer.java,vlc-android,vlc-android-master,9/13/2019
150,CS150,UnusedParameters,argf1,onEventNative,MediaList,org.videolan.libvlc,vlc-android-master/libvlc/src/org/videolan/libvlc/MediaList.java,MediaList.java,vlc-android,vlc-android-master,9/13/2019
151,CS151,UnusedParameters,vlcVout,onNewVideoLayout,VideoHelper,org.videolan.libvlc,vlc-android-master/libvlc/src/org/videolan/libvlc/VideoHelper.java,VideoHelper.java,vlc-android,vlc-android-master,9/13/2019
152,CS152,UnusedParameters,uri,create,MediaPlayer,org.videolan.libvlc.media,vlc-android-master/libvlc/src/org/videolan/libvlc/media/MediaPlayer.java,MediaPlayer.java,vlc-android,vlc-android-master,9/13/2019
153,CS153,UnusedParameters,controller,setMediaController,VideoView,org.videolan.libvlc.media,vlc-android-master/libvlc/src/org/videolan/libvlc/media/VideoView.java,VideoView.java,vlc-android,vlc-android-master,9/13/2019
154,CS154,UnusedParameters,path,addDevice,StubMedialibrary,org.videolan.medialibrary.stubs,vlc-android-master/medialibrary/src/org/videolan/medialibrary/stubs/StubMedialibrary.java,StubMedialibrary.java,vlc-android,vlc-android-master,9/13/2019
155,CS155,UnusedParameters,title,addStream,StubMedialibrary,org.videolan.medialibrary.stubs,vlc-android-master/medialibrary/src/org/videolan/medialibrary/stubs/StubMedialibrary.java,StubMedialibrary.java,vlc-android,vlc-android-master,9/13/2019
156,CS156,UnusedParameters,index,selectTrack,MediaPlayer,org.videolan.libvlc.media,vlc-android-master/libvlc/src/org/videolan/libvlc/media/MediaPlayer.java,MediaPlayer.java,vlc-android,vlc-android-master,9/13/2019
157,CS157,UnusedParameters,width,surfaceChanged,AWindow,org.videolan.libvlc,vlc-android-master/libvlc/src/org/videolan/libvlc/AWindow.java,AWindow.java,vlc-android,vlc-android-master,9/13/2019
158,CS158,UnusedParameters,context,setDataSource,MediaPlayer,org.videolan.libvlc.media,vlc-android-master/libvlc/src/org/videolan/libvlc/media/MediaPlayer.java,MediaPlayer.java,vlc-android,vlc-android-master,9/13/2019
159,CS159,UnusedParameters,intent,onBind,ExtensionManagerService,org.videolan.vlc.extensions,vlc-android-master/vlc-android/src/org/videolan/vlc/extensions/ExtensionManagerService.java,ExtensionManagerService.java,vlc-android,vlc-android-master,9/13/2019
160,CS160,UnusedParameters,fd,addTimedTextSource,MediaPlayer,org.videolan.libvlc.media,vlc-android-master/libvlc/src/org/videolan/libvlc/media/MediaPlayer.java,MediaPlayer.java,vlc-android,vlc-android-master,9/13/2019
161,CS161,UnusedParameters,listener,setOnPreparedListener,MediaPlayer,org.videolan.libvlc.media,vlc-android-master/libvlc/src/org/videolan/libvlc/media/MediaPlayer.java,MediaPlayer.java,vlc-android,vlc-android-master,9/13/2019
162,CS162,UnusedParameters,nbItems,getFolders,StubMedialibrary,org.videolan.medialibrary.stubs,vlc-android-master/medialibrary/src/org/videolan/medialibrary/stubs/StubMedialibrary.java,StubMedialibrary.java,vlc-android,vlc-android-master,9/13/2019
163,CS163,UnusedParameters,mrl,addStream,StubMedialibrary,org.videolan.medialibrary.stubs,vlc-android-master/medialibrary/src/org/videolan/medialibrary/stubs/StubMedialibrary.java,StubMedialibrary.java,vlc-android,vlc-android-master,9/13/2019
164,CS164,UnusedParameters,eventType,onEventNative,LibVLC,org.videolan.libvlc,vlc-android-master/libvlc/src/org/videolan/libvlc/LibVLC.java,LibVLC.java,vlc-android,vlc-android-master,9/13/2019
165,CS165,UnusedParameters,vout,onSurfacesDestroyed,MediaPlayer,org.videolan.libvlc,vlc-android-master/libvlc/src/org/videolan/libvlc/MediaPlayer.java,MediaPlayer.java,vlc-android,vlc-android-master,9/13/2019
166,CS166,UnusedParameters,arg2,onEventNative,Media,org.videolan.libvlc,vlc-android-master/libvlc/src/org/videolan/libvlc/Media.java,Media.java,vlc-android,vlc-android-master,9/13/2019
167,CS167,UnusedParameters,index,deselectTrack,MediaPlayer,org.videolan.libvlc.media,vlc-android-master/libvlc/src/org/videolan/libvlc/media/MediaPlayer.java,MediaPlayer.java,vlc-android,vlc-android-master,9/13/2019
168,CS168,UnusedParameters,l,setOnInfoListener,VideoView,org.videolan.libvlc.media,vlc-android-master/libvlc/src/org/videolan/libvlc/media/VideoView.java,VideoView.java,vlc-android,vlc-android-master,9/13/2019
169,CS169,UnusedParameters,mode,setVideoScalingMode,MediaPlayer,org.videolan.libvlc.media,vlc-android-master/libvlc/src/org/videolan/libvlc/media/MediaPlayer.java,MediaPlayer.java,vlc-android,vlc-android-master,9/13/2019
170,CS170,UnusedParameters,sort,getFolders,StubMedialibrary,org.videolan.medialibrary.stubs,vlc-android-master/medialibrary/src/org/videolan/medialibrary/stubs/StubMedialibrary.java,StubMedialibrary.java,vlc-android,vlc-android-master,9/13/2019
171,CS171,UnusedParameters,streamtype,setAudioStreamType,MediaPlayer,org.videolan.libvlc.media,vlc-android-master/libvlc/src/org/videolan/libvlc/media/MediaPlayer.java,MediaPlayer.java,vlc-android,vlc-android-master,9/13/2019
172,CS172,UnusedParameters,withThumbnail,getPagedTracks,StubGenre,org.videolan.medialibrary.stubs,vlc-android-master/medialibrary/src/org/videolan/medialibrary/stubs/StubGenre.java,StubGenre.java,vlc-android,vlc-android-master,9/13/2019
173,CS173,UnusedParameters,mediaList,onMediaAdded,AbstractMedialibrary,org.videolan.medialibrary.interfaces,vlc-android-master/medialibrary/src/org/videolan/medialibrary/interfaces/AbstractMedialibrary.java,AbstractMedialibrary.java,vlc-android,vlc-android-master,9/13/2019
174,CS174,UnusedParameters,position,requestBanner,StubMediaWrapper,org.videolan.medialibrary.stubs,vlc-android-master/medialibrary/src/org/videolan/medialibrary/stubs/StubMediaWrapper.java,StubMediaWrapper.java,vlc-android,vlc-android-master,9/13/2019
175,CS175,UnusedParameters,arg1,onEventNative,LibVLC,org.videolan.libvlc,vlc-android-master/libvlc/src/org/videolan/libvlc/LibVLC.java,LibVLC.java,vlc-android,vlc-android-master,9/13/2019
176,CS176,UnusedParameters,headers,setVideoURI,VideoView,org.videolan.libvlc.media,vlc-android-master/libvlc/src/org/videolan/libvlc/media/VideoView.java,VideoView.java,vlc-android,vlc-android-master,9/13/2019
177,CS177,UnusedParameters,screenOn,setScreenOnWhilePlaying,MediaPlayer,org.videolan.libvlc.media,vlc-android-master/libvlc/src/org/videolan/libvlc/media/MediaPlayer.java,MediaPlayer.java,vlc-android,vlc-android-master,9/13/2019
178,CS178,UnusedParameters,arg2,onEventNative,LibVLC,org.videolan.libvlc,vlc-android-master/libvlc/src/org/videolan/libvlc/LibVLC.java,LibVLC.java,vlc-android,vlc-android-master,9/13/2019
179,CS179,UnusedParameters,uuid,removeDevice,StubMedialibrary,org.videolan.medialibrary.stubs,vlc-android-master/medialibrary/src/org/videolan/medialibrary/stubs/StubMedialibrary.java,StubMedialibrary.java,vlc-android,vlc-android-master,9/13/2019
180,CS180,UnusedParameters,id,removeExternalMedia,StubMedialibrary,org.videolan.medialibrary.stubs,vlc-android-master/medialibrary/src/org/videolan/medialibrary/stubs/StubMedialibrary.java,StubMedialibrary.java,vlc-android,vlc-android-master,9/13/2019
181,CS181,UnusedParameters,length,addTimedTextSource,MediaPlayer,org.videolan.libvlc.media,vlc-android-master/libvlc/src/org/videolan/libvlc/media/MediaPlayer.java,MediaPlayer.java,vlc-android,vlc-android-master,9/13/2019
182,CS182,UnusedParameters,desc,getFolders,StubMedialibrary,org.videolan.medialibrary.stubs,vlc-android-master/medialibrary/src/org/videolan/medialibrary/stubs/StubMedialibrary.java,StubMedialibrary.java,vlc-android,vlc-android-master,9/13/2019
183,CS183,UnusedParameters,flags,onStartCommand,ExtensionManagerService,org.videolan.vlc.extensions,vlc-android-master/vlc-android/src/org/videolan/vlc/extensions/ExtensionManagerService.java,ExtensionManagerService.java,vlc-android,vlc-android-master,9/13/2019
184,CS184,UnusedParameters,id,requestThumbnail,StubMedialibrary,org.videolan.medialibrary.stubs,vlc-android-master/medialibrary/src/org/videolan/medialibrary/stubs/StubMedialibrary.java,StubMedialibrary.java,vlc-android,vlc-android-master,9/13/2019
185,CS185,UnusedParameters,listener,setOnTimedTextListener,MediaPlayer,org.videolan.libvlc.media,vlc-android-master/libvlc/src/org/videolan/libvlc/media/MediaPlayer.java,MediaPlayer.java,vlc-android,vlc-android-master,9/13/2019
186,CS186,UnusedParameters,mrl,setThumbnail,StubMediaWrapper,org.videolan.medialibrary.stubs,vlc-android-master/medialibrary/src/org/videolan/medialibrary/stubs/StubMediaWrapper.java,StubMediaWrapper.java,vlc-android,vlc-android-master,9/13/2019
187,CS187,UnusedParameters,argf1,onEventNative,Media,org.videolan.libvlc,vlc-android-master/libvlc/src/org/videolan/libvlc/Media.java,Media.java,vlc-android,vlc-android-master,9/13/2019
188,CS188,UnusedParameters,intent,onBind,VLCExtensionService,org.videolan.vlc.extensions.api,vlc-android-master/api/src/main/java/org/videolan/vlc/extensions/api/VLCExtensionService.java,VLCExtensionService.java,vlc-android,vlc-android-master,9/13/2019
189,CS189,UnusedParameters,offset,getFolders,StubMedialibrary,org.videolan.medialibrary.stubs,vlc-android-master/medialibrary/src/org/videolan/medialibrary/stubs/StubMedialibrary.java,StubMedialibrary.java,vlc-android,vlc-android-master,9/13/2019
190,CS190,UnusedParameters,vout,onSurfacesCreated,MediaPlayer,org.videolan.libvlc,vlc-android-master/libvlc/src/org/videolan/libvlc/MediaPlayer.java,MediaPlayer.java,vlc-android,vlc-android-master,9/13/2019
191,CS191,UnusedParameters,listener,setOnInfoListener,MediaPlayer,org.videolan.libvlc.media,vlc-android-master/libvlc/src/org/videolan/libvlc/media/MediaPlayer.java,MediaPlayer.java,vlc-android,vlc-android-master,9/13/2019
192,CS192,UnusedParameters,args1,onEventNative,RendererDiscoverer,org.videolan.libvlc,vlc-android-master/libvlc/src/org/videolan/libvlc/RendererDiscoverer.java,RendererDiscoverer.java,vlc-android,vlc-android-master,9/13/2019
193,CS193,UnusedParameters,l,setOnPreparedListener,VideoView,org.videolan.libvlc.media,vlc-android-master/libvlc/src/org/videolan/libvlc/media/VideoView.java,VideoView.java,vlc-android,vlc-android-master,9/13/2019
194,CS194,UnusedParameters,holder,surfaceDestroyed,AWindow,org.videolan.libvlc,vlc-android-master/libvlc/src/org/videolan/libvlc/AWindow.java,AWindow.java,vlc-android,vlc-android-master,9/13/2019
195,CS195,UnusedParameters,listener,setOnBufferingUpdateListener,MediaPlayer,org.videolan.libvlc.media,vlc-android-master/libvlc/src/org/videolan/libvlc/media/MediaPlayer.java,MediaPlayer.java,vlc-android,vlc-android-master,9/13/2019
196,CS196,UnusedParameters,context,addTimedTextSource,MediaPlayer,org.videolan.libvlc.media,vlc-android-master/libvlc/src/org/videolan/libvlc/media/MediaPlayer.java,MediaPlayer.java,vlc-android,vlc-android-master,9/13/2019
197,CS197,UnusedParameters,position,requestThumbnail,StubMediaWrapper,org.videolan.medialibrary.stubs,vlc-android-master/medialibrary/src/org/videolan/medialibrary/stubs/StubMediaWrapper.java,StubMediaWrapper.java,vlc-android,vlc-android-master,9/13/2019
198,CS198,UnusedParameters,context,setWakeMode,MediaPlayer,org.videolan.libvlc.media,vlc-android-master/libvlc/src/org/videolan/libvlc/media/MediaPlayer.java,MediaPlayer.java,vlc-android,vlc-android-master,9/13/2019
199,CS199,UnusedParameters,mime,addTimedTextSource,MediaPlayer,org.videolan.libvlc.media,vlc-android-master/libvlc/src/org/videolan/libvlc/media/MediaPlayer.java,MediaPlayer.java,vlc-android,vlc-android-master,9/13/2019
200,CS200,UnusedParameters,mediaList,onMediaUpdated,AbstractMedialibrary,org.videolan.medialibrary.interfaces,vlc-android-master/medialibrary/src/org/videolan/medialibrary/interfaces/AbstractMedialibrary.java,AbstractMedialibrary.java,vlc-android,vlc-android-master,9/13/2019
201,CS201,UnusedParameters,looping,setLooping,MediaPlayer,org.videolan.libvlc.media,vlc-android-master/libvlc/src/org/videolan/libvlc/media/MediaPlayer.java,MediaPlayer.java,vlc-android,vlc-android-master,9/13/2019
202,CS202,UnusedParameters,audioAttributes,create,MediaPlayer,org.videolan.libvlc.media,vlc-android-master/libvlc/src/org/videolan/libvlc/media/MediaPlayer.java,MediaPlayer.java,vlc-android,vlc-android-master,9/13/2019
203,CS203,UnusedParameters,removable,addDevice,StubMedialibrary,org.videolan.medialibrary.stubs,vlc-android-master/medialibrary/src/org/videolan/medialibrary/stubs/StubMedialibrary.java,StubMedialibrary.java,vlc-android,vlc-android-master,9/13/2019
204,CS204,UnusedParameters,type,getFoldersCount,StubMedialibrary,org.videolan.medialibrary.stubs,vlc-android-master/medialibrary/src/org/videolan/medialibrary/stubs/StubMedialibrary.java,StubMedialibrary.java,vlc-android,vlc-android-master,9/13/2019
205,CS205,UnusedParameters,headers,setDataSource,MediaPlayer,org.videolan.libvlc.media,vlc-android-master/libvlc/src/org/videolan/libvlc/media/MediaPlayer.java,MediaPlayer.java,vlc-android,vlc-android-master,9/13/2019
206,CS206,UnusedParameters,mrl,getMedia,StubMedialibrary,org.videolan.medialibrary.stubs,vlc-android-master/medialibrary/src/org/videolan/medialibrary/stubs/StubMedialibrary.java,StubMedialibrary.java,vlc-android,vlc-android-master,9/13/2019
207,CS207,UnusedParameters,format,setBuffersGeometry,AWindow,org.videolan.libvlc,vlc-android-master/libvlc/src/org/videolan/libvlc/AWindow.java,AWindow.java,vlc-android,vlc-android-master,9/13/2019
208,CS208,UnusedParameters,args1,onEventNative,LibVLC,org.videolan.libvlc,vlc-android-master/libvlc/src/org/videolan/libvlc/LibVLC.java,LibVLC.java,vlc-android,vlc-android-master,9/13/2019
209,CS209,UnusedParameters,msec,seekTo,VideoView,org.videolan.libvlc.media,vlc-android-master/libvlc/src/org/videolan/libvlc/media/VideoView.java,VideoView.java,vlc-android,vlc-android-master,9/13/2019
210,CS210,UnusedParameters,argf1,onEventNative,RendererItem,org.videolan.libvlc,vlc-android-master/libvlc/src/org/videolan/libvlc/RendererItem.java,RendererItem.java,vlc-android,vlc-android-master,9/13/2019
211,CS211,UnusedParameters,offset,setDataSource,MediaPlayer,org.videolan.libvlc.media,vlc-android-master/libvlc/src/org/videolan/libvlc/media/MediaPlayer.java,MediaPlayer.java,vlc-android,vlc-android-master,9/13/2019
212,CS212,UnusedParameters,startId,onStartCommand,ExtensionManagerService,org.videolan.vlc.extensions,vlc-android-master/vlc-android/src/org/videolan/vlc/extensions/ExtensionManagerService.java,ExtensionManagerService.java,vlc-android,vlc-android-master,9/13/2019
213,CS213,UnusedParameters,isRefresh,displayExtensionItems,MediaSessionBrowser,org.videolan.vlc.media,vlc-android-master/vlc-android/src/org/videolan/vlc/media/MediaSessionBrowser.java,MediaSessionBrowser.java,vlc-android,vlc-android-master,9/13/2019
214,CS214,UnusedParameters,intent,onStartCommand,ExtensionManagerService,org.videolan.vlc.extensions,vlc-android-master/vlc-android/src/org/videolan/vlc/extensions/ExtensionManagerService.java,ExtensionManagerService.java,vlc-android,vlc-android-master,9/13/2019
215,CS215,UnusedParameters,listener,setOnSeekCompleteListener,MediaPlayer,org.videolan.libvlc.media,vlc-android-master/libvlc/src/org/videolan/libvlc/media/MediaPlayer.java,MediaPlayer.java,vlc-android,vlc-android-master,9/13/2019
216,CS216,UnusedParameters,holder,create,MediaPlayer,org.videolan.libvlc.media,vlc-android-master/libvlc/src/org/videolan/libvlc/media/MediaPlayer.java,MediaPlayer.java,vlc-android,vlc-android-master,9/13/2019
217,CS217,UnusedParameters,holder,surfaceChanged,AWindow,org.videolan.libvlc,vlc-android-master/libvlc/src/org/videolan/libvlc/AWindow.java,AWindow.java,vlc-android,vlc-android-master,9/13/2019
218,CS218,UnusedParameters,arg2,onEventNative,RendererDiscoverer,org.videolan.libvlc,vlc-android-master/libvlc/src/org/videolan/libvlc/RendererDiscoverer.java,RendererDiscoverer.java,vlc-android,vlc-android-master,9/13/2019
219,CS219,UnusedParameters,msec,seekTo,MediaPlayer,org.videolan.libvlc.media,vlc-android-master/libvlc/src/org/videolan/libvlc/media/MediaPlayer.java,MediaPlayer.java,vlc-android,vlc-android-master,9/13/2019
220,CS220,UnusedParameters,mrl,removeFolder,StubMedialibrary,org.videolan.medialibrary.stubs,vlc-android-master/medialibrary/src/org/videolan/medialibrary/stubs/StubMedialibrary.java,StubMedialibrary.java,vlc-android,vlc-android-master,9/13/2019
221,CS221,UnusedParameters,level,setAuxEffectSendLevel,MediaPlayer,org.videolan.libvlc.media,vlc-android-master/libvlc/src/org/videolan/libvlc/media/MediaPlayer.java,MediaPlayer.java,vlc-android,vlc-android-master,9/13/2019
222,CS222,UnusedParameters,args1,onEventNative,MediaList,org.videolan.libvlc,vlc-android-master/libvlc/src/org/videolan/libvlc/MediaList.java,MediaList.java,vlc-android,vlc-android-master,9/13/2019
223,CS223,UnusedParameters,format,addSubtitleSource,VideoView,org.videolan.libvlc.media,vlc-android-master/libvlc/src/org/videolan/libvlc/media/VideoView.java,VideoView.java,vlc-android,vlc-android-master,9/13/2019
224,CS224,UnusedParameters,trackType,getSelectedTrack,MediaPlayer,org.videolan.libvlc.media,vlc-android-master/libvlc/src/org/videolan/libvlc/media/MediaPlayer.java,MediaPlayer.java,vlc-android,vlc-android-master,9/13/2019
225,CS225,UnusedParameters,uuid,addDevice,StubMedialibrary,org.videolan.medialibrary.stubs,vlc-android-master/medialibrary/src/org/videolan/medialibrary/stubs/StubMedialibrary.java,StubMedialibrary.java,vlc-android,vlc-android-master,9/13/2019
226,CS226,UnusedParameters,context,create,MediaPlayer,org.videolan.libvlc.media,vlc-android-master/libvlc/src/org/videolan/libvlc/media/MediaPlayer.java,MediaPlayer.java,vlc-android,vlc-android-master,9/13/2019
227,CS227,UnusedParameters,dest,writeToParcel,MediaPlayer,org.videolan.libvlc.media,vlc-android-master/libvlc/src/org/videolan/libvlc/media/MediaPlayer.java,MediaPlayer.java,vlc-android,vlc-android-master,9/13/2019
228,CS228,UnusedParameters,argf1,onEventNative,RendererDiscoverer,org.videolan.libvlc,vlc-android-master/libvlc/src/org/videolan/libvlc/RendererDiscoverer.java,RendererDiscoverer.java,vlc-android,vlc-android-master,9/13/2019
229,CS229,UnusedParameters,width,requestBanner,StubMediaWrapper,org.videolan.medialibrary.stubs,vlc-android-master/medialibrary/src/org/videolan/medialibrary/stubs/StubMediaWrapper.java,StubMediaWrapper.java,vlc-android,vlc-android-master,9/13/2019
230,CS230,UnusedParameters,type,getFolders,StubMedialibrary,org.videolan.medialibrary.stubs,vlc-android-master/medialibrary/src/org/videolan/medialibrary/stubs/StubMedialibrary.java,StubMedialibrary.java,vlc-android,vlc-android-master,9/13/2019
231,CS231,UnusedParameters,offset,getPagedAlbums,StubArtist,org.videolan.medialibrary.stubs,vlc-android-master/medialibrary/src/org/videolan/medialibrary/stubs/StubArtist.java,StubArtist.java,vlc-android,vlc-android-master,9/13/2019
232,CS232,UnusedParameters,intent,onUnbind,ExtensionManagerService,org.videolan.vlc.extensions,vlc-android-master/vlc-android/src/org/videolan/vlc/extensions/ExtensionManagerService.java,ExtensionManagerService.java,vlc-android,vlc-android-master,9/13/2019
233,CS233,UnusedParameters,resid,create,MediaPlayer,org.videolan.libvlc.media,vlc-android-master/libvlc/src/org/videolan/libvlc/media/MediaPlayer.java,MediaPlayer.java,vlc-android,vlc-android-master,9/13/2019
234,CS234,UnusedParameters,listener,setOnVideoSizeChangedListener,MediaPlayer,org.videolan.libvlc.media,vlc-android-master/libvlc/src/org/videolan/libvlc/media/MediaPlayer.java,MediaPlayer.java,vlc-android,vlc-android-master,9/13/2019
235,CS235,UnusedParameters,path,removeDevice,StubMedialibrary,org.videolan.medialibrary.stubs,vlc-android-master/medialibrary/src/org/videolan/medialibrary/stubs/StubMedialibrary.java,StubMedialibrary.java,vlc-android,vlc-android-master,9/13/2019
236,CS236,UnusedParameters,height,surfaceChanged,AWindow,org.videolan.libvlc,vlc-android-master/libvlc/src/org/videolan/libvlc/AWindow.java,AWindow.java,vlc-android,vlc-android-master,9/13/2019
237,CS237,UnusedParameters,withThumbnail,getTracks,StubGenre,org.videolan.medialibrary.stubs,vlc-android-master/medialibrary/src/org/videolan/medialibrary/stubs/StubGenre.java,StubGenre.java,vlc-android,vlc-android-master,9/13/2019
238,CS238,UnusedParameters,flags,writeToParcel,VLCExtensionItem,org.videolan.vlc.extensions.api,vlc-android-master/api/src/main/java/org/videolan/vlc/extensions/api/VLCExtensionItem.java,VLCExtensionItem.java,vlc-android,vlc-android-master,9/13/2019
239,CS239,UnusedParameters,listener,setOnErrorListener,MediaPlayer,org.videolan.libvlc.media,vlc-android-master/libvlc/src/org/videolan/libvlc/media/MediaPlayer.java,MediaPlayer.java,vlc-android,vlc-android-master,9/13/2019
240,CS240,UnusedParameters,length,setDataSource,MediaPlayer,org.videolan.libvlc.media,vlc-android-master/libvlc/src/org/videolan/libvlc/media/MediaPlayer.java,MediaPlayer.java,vlc-android,vlc-android-master,9/13/2019
241,CS241,UnusedParameters,mrl,addMedia,StubMedialibrary,org.videolan.medialibrary.stubs,vlc-android-master/medialibrary/src/org/videolan/medialibrary/stubs/StubMedialibrary.java,StubMedialibrary.java,vlc-android,vlc-android-master,9/13/2019
242,CS242,UnusedParameters,type,subfoldersCount,StubFolder,org.videolan.medialibrary.stubs,vlc-android-master/medialibrary/src/org/videolan/medialibrary/stubs/StubFolder.java,StubFolder.java,vlc-android,vlc-android-master,9/13/2019
243,CS243,UnusedParameters,argf1,onEventNative,MediaDiscoverer,org.videolan.libvlc,vlc-android-master/libvlc/src/org/videolan/libvlc/MediaDiscoverer.java,MediaDiscoverer.java,vlc-android,vlc-android-master,9/13/2019
244,CS244,UnusedParameters,effectId,attachAuxEffect,MediaPlayer,org.videolan.libvlc.media,vlc-android-master/libvlc/src/org/videolan/libvlc/media/MediaPlayer.java,MediaPlayer.java,vlc-android,vlc-android-master,9/13/2019
245,CS245,UnusedParameters,format,surfaceChanged,AWindow,org.videolan.libvlc,vlc-android-master/libvlc/src/org/videolan/libvlc/AWindow.java,AWindow.java,vlc-android,vlc-android-master,9/13/2019
246,CS246,UnusedParameters,is,addSubtitleSource,VideoView,org.videolan.libvlc.media,vlc-android-master/libvlc/src/org/videolan/libvlc/media/VideoView.java,VideoView.java,vlc-android,vlc-android-master,9/13/2019
247,CS247,UnusedParameters,nbItems,getPagedAlbums,StubArtist,org.videolan.medialibrary.stubs,vlc-android-master/medialibrary/src/org/videolan/medialibrary/stubs/StubArtist.java,StubArtist.java,vlc-android,vlc-android-master,9/13/2019
248,CS248,UnusedParameters,next,setNextMediaPlayer,MediaPlayer,org.videolan.libvlc.media,vlc-android-master/libvlc/src/org/videolan/libvlc/media/MediaPlayer.java,MediaPlayer.java,vlc-android,vlc-android-master,9/13/2019
249,CS249,UnusedParameters,i,writeToParcel,MediaLibraryItem,org.videolan.medialibrary.media,vlc-android-master/medialibrary/src/org/videolan/medialibrary/media/MediaLibraryItem.java,MediaLibraryItem.java,vlc-android,vlc-android-master,9/13/2019
250,CS250,UnusedParameters,args1,onEventNative,Media,org.videolan.libvlc,vlc-android-master/libvlc/src/org/videolan/libvlc/Media.java,Media.java,vlc-android,vlc-android-master,9/13/2019
251,CS251,UnusedParameters,l,setOnErrorListener,VideoView,org.videolan.libvlc.media,vlc-android-master/libvlc/src/org/videolan/libvlc/media/VideoView.java,VideoView.java,vlc-android,vlc-android-master,9/13/2019
252,CS252,UnusedParameters,arg2,onEventNative,MediaList,org.videolan.libvlc,vlc-android-master/libvlc/src/org/videolan/libvlc/MediaList.java,MediaList.java,vlc-android,vlc-android-master,9/13/2019
253,CS253,UnusedParameters,l,setOnCompletionListener,VideoView,org.videolan.libvlc.media,vlc-android-master/libvlc/src/org/videolan/libvlc/media/VideoView.java,VideoView.java,vlc-android,vlc-android-master,9/13/2019
254,CS254,UnusedParameters,i,writeToParcel,ExtensionListing,org.videolan.vlc.extensions,vlc-android-master/vlc-android/src/org/videolan/vlc/extensions/ExtensionListing.java,ExtensionListing.java,vlc-android,vlc-android-master,9/13/2019
255,CS255,NotSecuringLibraries,c++_shared,loadLibraries,LibVLC,org.videolan.libvlc,vlc-android-master/libvlc/src/org/videolan/libvlc/LibVLC.java,LibVLC.java,vlc-android,vlc-android-master,9/13/2019
256,CS256,NotSecuringLibraries,vlc,loadLibraries,LibVLC,org.videolan.libvlc,vlc-android-master/libvlc/src/org/videolan/libvlc/LibVLC.java,LibVLC.java,vlc-android,vlc-android-master,9/13/2019
257,CS257,NotSecuringLibraries,mla,init,Medialibrary,org.videolan.medialibrary,vlc-android-master/medialibrary/src/org/videolan/medialibrary/Medialibrary.java,Medialibrary.java,vlc-android,vlc-android-master,9/13/2019
258,CS258,NotSecuringLibraries,c++_shared,init,Medialibrary,org.videolan.medialibrary,vlc-android-master/medialibrary/src/org/videolan/medialibrary/Medialibrary.java,Medialibrary.java,vlc-android,vlc-android-master,9/13/2019
259,CS259,NotSecuringLibraries,vlcjni,loadLibraries,LibVLC,org.videolan.libvlc,vlc-android-master/libvlc/src/org/videolan/libvlc/LibVLC.java,LibVLC.java,vlc-android,vlc-android-master,9/13/2019
260,AP260,ExcessiveInterLanguageCommunication,,nativeGetPagedArtists,Medialibrary,org.videolan.medialibrary,vlc-android-master/medialibrary/src/org/videolan/medialibrary/Medialibrary.java,,vlc-android,vlc-android-master,9/13/2019
261,AP261,ExcessiveInterLanguageCommunication,,nativeNewFromFdWithOffsetLength,Media,org.videolan.libvlc,vlc-android-master/libvlc/src/org/videolan/libvlc/Media.java,,vlc-android,vlc-android-master,9/13/2019
262,AP262,ExcessiveInterLanguageCommunication,,nativeParse,Media,org.videolan.libvlc,vlc-android-master/libvlc/src/org/videolan/libvlc/Media.java,,vlc-android,vlc-android-master,9/13/2019
263,AP263,ExcessiveInterLanguageCommunication,,nativeGetBandCount,MediaPlayer,org.videolan.libvlc,vlc-android-master/libvlc/src/org/videolan/libvlc/MediaPlayer.java,,vlc-android,vlc-android-master,9/13/2019
264,AP264,ExcessiveInterLanguageCommunication,,nativeSetSpuDelay,MediaPlayer,org.videolan.libvlc,vlc-android-master/libvlc/src/org/videolan/libvlc/MediaPlayer.java,,vlc-android,vlc-android-master,9/13/2019
265,AP265,ExcessiveInterLanguageCommunication,,nativeGetStats,Media,org.videolan.libvlc,vlc-android-master/libvlc/src/org/videolan/libvlc/Media.java,,vlc-android,vlc-android-master,9/13/2019
266,AP266,ExcessiveInterLanguageCommunication,,nativeGetAudioDelay,MediaPlayer,org.videolan.libvlc,vlc-android-master/libvlc/src/org/videolan/libvlc/MediaPlayer.java,,vlc-android,vlc-android-master,9/13/2019
267,AP267,ExcessiveInterLanguageCommunication,,nativeGetTracks,Media,org.videolan.libvlc,vlc-android-master/libvlc/src/org/videolan/libvlc/Media.java,,vlc-android,vlc-android-master,9/13/2019
268,AP268,ExcessiveInterLanguageCommunication,,nativeGetRecentVideos,Medialibrary,org.videolan.medialibrary,vlc-android-master/medialibrary/src/org/videolan/medialibrary/Medialibrary.java,,vlc-android,vlc-android-master,9/13/2019
269,AP269,ExcessiveInterLanguageCommunication,,nativeClearDatabase,Medialibrary,org.videolan.medialibrary,vlc-android-master/medialibrary/src/org/videolan/medialibrary/Medialibrary.java,,vlc-android,vlc-android-master,9/13/2019
270,AP270,ExcessiveInterLanguageCommunication,,nativeUnbanFolder,Medialibrary,org.videolan.medialibrary,vlc-android-master/medialibrary/src/org/videolan/medialibrary/Medialibrary.java,,vlc-android,vlc-android-master,9/13/2019
271,AP271,ExcessiveInterLanguageCommunication,,nativeSearchPagedMedia,Medialibrary,org.videolan.medialibrary,vlc-android-master/medialibrary/src/org/videolan/medialibrary/Medialibrary.java,,vlc-android,vlc-android-master,9/13/2019
272,AP272,ExcessiveInterLanguageCommunication,,nativeParseAsync,Media,org.videolan.libvlc,vlc-android-master/libvlc/src/org/videolan/libvlc/Media.java,,vlc-android,vlc-android-master,9/13/2019
273,AP273,ExcessiveInterLanguageCommunication,,nativeSearchPlaylist,Medialibrary,org.videolan.medialibrary,vlc-android-master/medialibrary/src/org/videolan/medialibrary/Medialibrary.java,,vlc-android,vlc-android-master,9/13/2019
274,AP274,ExcessiveInterLanguageCommunication,,nativeGetPagedGenres,Medialibrary,org.videolan.medialibrary,vlc-android-master/medialibrary/src/org/videolan/medialibrary/Medialibrary.java,,vlc-android,vlc-android-master,9/13/2019
275,AP275,ExcessiveInterLanguageCommunication,,nativeGetFolders,Medialibrary,org.videolan.medialibrary,vlc-android-master/medialibrary/src/org/videolan/medialibrary/Medialibrary.java,,vlc-android,vlc-android-master,9/13/2019
276,AP276,ExcessiveInterLanguageCommunication,,nativeSearchPagedAlbum,Medialibrary,org.videolan.medialibrary,vlc-android-master/medialibrary/src/org/videolan/medialibrary/Medialibrary.java,,vlc-android,vlc-android-master,9/13/2019
277,AP277,ExcessiveInterLanguageCommunication,,nativePlaylistCreate,Medialibrary,org.videolan.medialibrary,vlc-android-master/medialibrary/src/org/videolan/medialibrary/Medialibrary.java,,vlc-android,vlc-android-master,9/13/2019
278,AP278,ExcessiveInterLanguageCommunication,,nativeSetAudioOutputDevice,MediaPlayer,org.videolan.libvlc,vlc-android-master/libvlc/src/org/videolan/libvlc/MediaPlayer.java,,vlc-android,vlc-android-master,9/13/2019
279,AP279,ExcessiveInterLanguageCommunication,,nativeSetAudioDelay,MediaPlayer,org.videolan.libvlc,vlc-android-master/libvlc/src/org/videolan/libvlc/MediaPlayer.java,,vlc-android,vlc-android-master,9/13/2019
280,AP280,ExcessiveInterLanguageCommunication,,nativeAddOption,Media,org.videolan.libvlc,vlc-android-master/libvlc/src/org/videolan/libvlc/Media.java,,vlc-android,vlc-android-master,9/13/2019
281,AP281,ExcessiveInterLanguageCommunication,,nativeRemoveDevice,Medialibrary,org.videolan.medialibrary,vlc-android-master/medialibrary/src/org/videolan/medialibrary/Medialibrary.java,,vlc-android,vlc-android-master,9/13/2019
282,AP282,ExcessiveInterLanguageCommunication,,nativeGetPagedAlbums,Medialibrary,org.videolan.medialibrary,vlc-android-master/medialibrary/src/org/videolan/medialibrary/Medialibrary.java,,vlc-android,vlc-android-master,9/13/2019
283,AP283,ExcessiveInterLanguageCommunication,,nativeSearchArtist,Medialibrary,org.videolan.medialibrary,vlc-android-master/medialibrary/src/org/videolan/medialibrary/Medialibrary.java,,vlc-android,vlc-android-master,9/13/2019
284,AP284,ExcessiveInterLanguageCommunication,,nativeGetPlaylistsCount,Medialibrary,org.videolan.medialibrary,vlc-android-master/medialibrary/src/org/videolan/medialibrary/Medialibrary.java,,vlc-android,vlc-android-master,9/13/2019
285,AP285,ExcessiveInterLanguageCommunication,,nativeOnMouseEvent,AWindow,org.videolan.libvlc,vlc-android-master/libvlc/src/org/videolan/libvlc/AWindow.java,,vlc-android,vlc-android-master,9/13/2019
286,AP286,ExcessiveInterLanguageCommunication,,nativeSetSpuTrack,MediaPlayer,org.videolan.libvlc,vlc-android-master/libvlc/src/org/videolan/libvlc/MediaPlayer.java,,vlc-android,vlc-android-master,9/13/2019
287,AP287,ExcessiveInterLanguageCommunication,,nativeInit,Medialibrary,org.videolan.medialibrary,vlc-android-master/medialibrary/src/org/videolan/medialibrary/Medialibrary.java,,vlc-android,vlc-android-master,9/13/2019
288,AP288,ExcessiveInterLanguageCommunication,,nativeGetMediaFromMrl,Medialibrary,org.videolan.medialibrary,vlc-android-master/medialibrary/src/org/videolan/medialibrary/Medialibrary.java,,vlc-android,vlc-android-master,9/13/2019
289,AP289,ExcessiveInterLanguageCommunication,,nativeGetRecentAudio,Medialibrary,org.videolan.medialibrary,vlc-android-master/medialibrary/src/org/videolan/medialibrary/Medialibrary.java,,vlc-android,vlc-android-master,9/13/2019
290,AP290,ExcessiveInterLanguageCommunication,,nativeGetAlbums,Medialibrary,org.videolan.medialibrary,vlc-android-master/medialibrary/src/org/videolan/medialibrary/Medialibrary.java,,vlc-android,vlc-android-master,9/13/2019
291,AP291,ExcessiveInterLanguageCommunication,,nativeGetVideoCount,Medialibrary,org.videolan.medialibrary,vlc-android-master/medialibrary/src/org/videolan/medialibrary/Medialibrary.java,,vlc-android,vlc-android-master,9/13/2019
292,AP292,ExcessiveInterLanguageCommunication,,nativeRecord,MediaPlayer,org.videolan.libvlc,vlc-android-master/libvlc/src/org/videolan/libvlc/MediaPlayer.java,,vlc-android,vlc-android-master,9/13/2019
293,AP293,ExcessiveInterLanguageCommunication,,nativeGetSpuDelay,MediaPlayer,org.videolan.libvlc,vlc-android-master/libvlc/src/org/videolan/libvlc/MediaPlayer.java,,vlc-android,vlc-android-master,9/13/2019
294,AP294,ExcessiveInterLanguageCommunication,,nativeGetAlbumsCount,Medialibrary,org.videolan.medialibrary,vlc-android-master/medialibrary/src/org/videolan/medialibrary/Medialibrary.java,,vlc-android,vlc-android-master,9/13/2019
295,AP295,ExcessiveInterLanguageCommunication,,nativeGetFoldersCount,Medialibrary,org.videolan.medialibrary,vlc-android-master/medialibrary/src/org/videolan/medialibrary/Medialibrary.java,,vlc-android,vlc-android-master,9/13/2019
296,AP296,ExcessiveInterLanguageCommunication,,nativeGetPagedPlaylists,Medialibrary,org.videolan.medialibrary,vlc-android-master/medialibrary/src/org/videolan/medialibrary/Medialibrary.java,,vlc-android,vlc-android-master,9/13/2019
297,AP297,ExcessiveInterLanguageCommunication,,nativeGetMedia,Medialibrary,org.videolan.medialibrary,vlc-android-master/medialibrary/src/org/videolan/medialibrary/Medialibrary.java,,vlc-android,vlc-android-master,9/13/2019
298,AP298,ExcessiveInterLanguageCommunication,,nativeGetMeta,Media,org.videolan.libvlc,vlc-android-master/libvlc/src/org/videolan/libvlc/Media.java,,vlc-android,vlc-android-master,9/13/2019
299,AP299,ExcessiveInterLanguageCommunication,,nativeGetType,Media,org.videolan.libvlc,vlc-android-master/libvlc/src/org/videolan/libvlc/Media.java,,vlc-android,vlc-android-master,9/13/2019
300,AP300,ExcessiveInterLanguageCommunication,,nativeLastStreamsPlayed,Medialibrary,org.videolan.medialibrary,vlc-android-master/medialibrary/src/org/videolan/medialibrary/Medialibrary.java,,vlc-android,vlc-android-master,9/13/2019
301,AP301,ExcessiveInterLanguageCommunication,,nativeGetGenresCount,Medialibrary,org.videolan.medialibrary,vlc-android-master/medialibrary/src/org/videolan/medialibrary/Medialibrary.java,,vlc-android,vlc-android-master,9/13/2019
302,AP302,ExcessiveInterLanguageCommunication,,nativeGetDuration,Media,org.videolan.libvlc,vlc-android-master/libvlc/src/org/videolan/libvlc/Media.java,,vlc-android,vlc-android-master,9/13/2019
303,AP303,ExcessiveInterLanguageCommunication,,nativeGetGenre,Medialibrary,org.videolan.medialibrary,vlc-android-master/medialibrary/src/org/videolan/medialibrary/Medialibrary.java,,vlc-android,vlc-android-master,9/13/2019
304,AP304,ExcessiveInterLanguageCommunication,,nativeGetGenreSearchCount,Medialibrary,org.videolan.medialibrary,vlc-android-master/medialibrary/src/org/videolan/medialibrary/Medialibrary.java,,vlc-android,vlc-android-master,9/13/2019
305,AP305,ExcessiveInterLanguageCommunication,,nativeGetAudioCount,Medialibrary,org.videolan.medialibrary,vlc-android-master/medialibrary/src/org/videolan/medialibrary/Medialibrary.java,,vlc-android,vlc-android-master,9/13/2019
306,AP306,ExcessiveInterLanguageCommunication,,nativeReload,Medialibrary,org.videolan.medialibrary,vlc-android-master/medialibrary/src/org/videolan/medialibrary/Medialibrary.java,,vlc-android,vlc-android-master,9/13/2019
307,AP307,ExcessiveInterLanguageCommunication,,nativeAddMedia,Medialibrary,org.videolan.medialibrary,vlc-android-master/medialibrary/src/org/videolan/medialibrary/Medialibrary.java,,vlc-android,vlc-android-master,9/13/2019
308,AP308,ExcessiveInterLanguageCommunication,,nativeNewFromPath,Media,org.videolan.libvlc,vlc-android-master/libvlc/src/org/videolan/libvlc/Media.java,,vlc-android,vlc-android-master,9/13/2019
309,AP309,ExcessiveInterLanguageCommunication,,nativeGetTitles,MediaPlayer,org.videolan.libvlc,vlc-android-master/libvlc/src/org/videolan/libvlc/MediaPlayer.java,,vlc-android,vlc-android-master,9/13/2019
310,AP310,ExcessiveInterLanguageCommunication,,nativeAddStream,Medialibrary,org.videolan.medialibrary,vlc-android-master/medialibrary/src/org/videolan/medialibrary/Medialibrary.java,,vlc-android,vlc-android-master,9/13/2019
311,AP311,ExcessiveInterLanguageCommunication,,nativeGetSortedPagedVideos,Medialibrary,org.videolan.medialibrary,vlc-android-master/medialibrary/src/org/videolan/medialibrary/Medialibrary.java,,vlc-android,vlc-android-master,9/13/2019
312,AP312,ExcessiveInterLanguageCommunication,,nativeGetBandFrequency,MediaPlayer,org.videolan.libvlc,vlc-android-master/libvlc/src/org/videolan/libvlc/MediaPlayer.java,,vlc-android,vlc-android-master,9/13/2019
313,AP313,ExcessiveInterLanguageCommunication,,nativePlaylistAppend,Playlist,org.videolan.medialibrary.media,vlc-android-master/medialibrary/src/org/videolan/medialibrary/media/Playlist.java,,vlc-android,vlc-android-master,9/13/2019
314,AP314,ExcessiveInterLanguageCommunication,,nativeAddSlave,Media,org.videolan.libvlc,vlc-android-master/libvlc/src/org/videolan/libvlc/Media.java,,vlc-android,vlc-android-master,9/13/2019
315,AP315,ExcessiveInterLanguageCommunication,,nativeIncreasePlayCount,Medialibrary,org.videolan.medialibrary,vlc-android-master/medialibrary/src/org/videolan/medialibrary/Medialibrary.java,,vlc-android,vlc-android-master,9/13/2019
316,AP316,ExcessiveInterLanguageCommunication,,nativeGetArtists,Medialibrary,org.videolan.medialibrary,vlc-android-master/medialibrary/src/org/videolan/medialibrary/Medialibrary.java,,vlc-android,vlc-android-master,9/13/2019
317,AP317,ExcessiveInterLanguageCommunication,,nativeNewFromMedia,MediaPlayer,org.videolan.libvlc,vlc-android-master/libvlc/src/org/videolan/libvlc/MediaPlayer.java,,vlc-android,vlc-android-master,9/13/2019
318,AP318,ExcessiveInterLanguageCommunication,,nativeRemoveExternalMedia,Medialibrary,org.videolan.medialibrary,vlc-android-master/medialibrary/src/org/videolan/medialibrary/Medialibrary.java,,vlc-android,vlc-android-master,9/13/2019
319,AP319,ExcessiveInterLanguageCommunication,,nativeAddToHistory,Medialibrary,org.videolan.medialibrary,vlc-android-master/medialibrary/src/org/videolan/medialibrary/Medialibrary.java,,vlc-android,vlc-android-master,9/13/2019
320,AP320,ExcessiveInterLanguageCommunication,,nativeSearchPagedGenre,Medialibrary,org.videolan.medialibrary,vlc-android-master/medialibrary/src/org/videolan/medialibrary/Medialibrary.java,,vlc-android,vlc-android-master,9/13/2019
321,AP321,ExcessiveInterLanguageCommunication,,nativePlaylistAppendGroup,Playlist,org.videolan.medialibrary.media,vlc-android-master/medialibrary/src/org/videolan/medialibrary/media/Playlist.java,,vlc-android,vlc-android-master,9/13/2019
322,AP322,ExcessiveInterLanguageCommunication,,nativeGetPlaylists,Medialibrary,org.videolan.medialibrary,vlc-android-master/medialibrary/src/org/videolan/medialibrary/Medialibrary.java,,vlc-android,vlc-android-master,9/13/2019
323,AP323,ExcessiveInterLanguageCommunication,,nativeGetSpuTracksCount,MediaPlayer,org.videolan.libvlc,vlc-android-master/libvlc/src/org/videolan/libvlc/MediaPlayer.java,,vlc-android,vlc-android-master,9/13/2019
324,AP324,ExcessiveInterLanguageCommunication,,nativeResumeBackgroundOperations,Medialibrary,org.videolan.medialibrary,vlc-android-master/medialibrary/src/org/videolan/medialibrary/Medialibrary.java,,vlc-android,vlc-android-master,9/13/2019
325,AP325,ExcessiveInterLanguageCommunication,,nativeGetAmp,MediaPlayer,org.videolan.libvlc,vlc-android-master/libvlc/src/org/videolan/libvlc/MediaPlayer.java,,vlc-android,vlc-android-master,9/13/2019
326,AP326,ExcessiveInterLanguageCommunication,,nativeSetVideoTrack,MediaPlayer,org.videolan.libvlc,vlc-android-master/libvlc/src/org/videolan/libvlc/MediaPlayer.java,,vlc-android,vlc-android-master,9/13/2019
327,AP327,ExcessiveInterLanguageCommunication,,nativeForceRescan,Medialibrary,org.videolan.medialibrary,vlc-android-master/medialibrary/src/org/videolan/medialibrary/Medialibrary.java,,vlc-android,vlc-android-master,9/13/2019
328,AP328,ExcessiveInterLanguageCommunication,,nativeGetSpuTrack,MediaPlayer,org.videolan.libvlc,vlc-android-master/libvlc/src/org/videolan/libvlc/MediaPlayer.java,,vlc-android,vlc-android-master,9/13/2019
329,AP329,ExcessiveInterLanguageCommunication,,nativeNewFromFd,Media,org.videolan.libvlc,vlc-android-master/libvlc/src/org/videolan/libvlc/Media.java,,vlc-android,vlc-android-master,9/13/2019
330,AP330,ExcessiveInterLanguageCommunication,,nativeGetPresetCount,MediaPlayer,org.videolan.libvlc,vlc-android-master/libvlc/src/org/videolan/libvlc/MediaPlayer.java,,vlc-android,vlc-android-master,9/13/2019
331,AP331,ExcessiveInterLanguageCommunication,,nativeSearchPagedArtist,Medialibrary,org.videolan.medialibrary,vlc-android-master/medialibrary/src/org/videolan/medialibrary/Medialibrary.java,,vlc-android,vlc-android-master,9/13/2019
332,AP332,ExcessiveInterLanguageCommunication,,nativeGetPlaylist,Medialibrary,org.videolan.medialibrary,vlc-android-master/medialibrary/src/org/videolan/medialibrary/Medialibrary.java,,vlc-android,vlc-android-master,9/13/2019
333,AP333,ExcessiveInterLanguageCommunication,,nativeSearch,Medialibrary,org.videolan.medialibrary,vlc-android-master/medialibrary/src/org/videolan/medialibrary/Medialibrary.java,,vlc-android,vlc-android-master,9/13/2019
334,AP334,ExcessiveInterLanguageCommunication,,nativeSearchPagedPlaylist,Medialibrary,org.videolan.medialibrary,vlc-android-master/medialibrary/src/org/videolan/medialibrary/Medialibrary.java,,vlc-android,vlc-android-master,9/13/2019
335,AP335,ExcessiveInterLanguageCommunication,,nativeSetRenderer,MediaPlayer,org.videolan.libvlc,vlc-android-master/libvlc/src/org/videolan/libvlc/MediaPlayer.java,,vlc-android,vlc-android-master,9/13/2019
336,AP336,ExcessiveInterLanguageCommunication,,nativeGetVideoTracks,MediaPlayer,org.videolan.libvlc,vlc-android-master/libvlc/src/org/videolan/libvlc/MediaPlayer.java,,vlc-android,vlc-android-master,9/13/2019
337,AP337,ExcessiveInterLanguageCommunication,,nativeForceParserRetry,Medialibrary,org.videolan.medialibrary,vlc-android-master/medialibrary/src/org/videolan/medialibrary/Medialibrary.java,,vlc-android,vlc-android-master,9/13/2019
338,AP338,ExcessiveInterLanguageCommunication,,nativeSetMedia,MediaPlayer,org.videolan.libvlc,vlc-android-master/libvlc/src/org/videolan/libvlc/MediaPlayer.java,,vlc-android,vlc-android-master,9/13/2019
339,AP339,ExcessiveInterLanguageCommunication,,nativeUpdateViewpoint,MediaPlayer,org.videolan.libvlc,vlc-android-master/libvlc/src/org/videolan/libvlc/MediaPlayer.java,,vlc-android,vlc-android-master,9/13/2019
340,AP340,ExcessiveInterLanguageCommunication,,nativeSetMediaAddedCbFlag,Medialibrary,org.videolan.medialibrary,vlc-android-master/medialibrary/src/org/videolan/medialibrary/Medialibrary.java,,vlc-android,vlc-android-master,9/13/2019
341,AP341,ExcessiveInterLanguageCommunication,,nativeGetSortedPagedAudio,Medialibrary,org.videolan.medialibrary,vlc-android-master/medialibrary/src/org/videolan/medialibrary/Medialibrary.java,,vlc-android,vlc-android-master,9/13/2019
342,AP342,ExcessiveInterLanguageCommunication,,nativeAddDevice,Medialibrary,org.videolan.medialibrary,vlc-android-master/medialibrary/src/org/videolan/medialibrary/Medialibrary.java,,vlc-android,vlc-android-master,9/13/2019
343,AP343,ExcessiveInterLanguageCommunication,,nativeAddSlave,MediaPlayer,org.videolan.libvlc,vlc-android-master/libvlc/src/org/videolan/libvlc/MediaPlayer.java,,vlc-android,vlc-android-master,9/13/2019
344,AP344,ExcessiveInterLanguageCommunication,,nativeGetAudioTracks,MediaPlayer,org.videolan.libvlc,vlc-android-master/libvlc/src/org/videolan/libvlc/MediaPlayer.java,,vlc-android,vlc-android-master,9/13/2019
345,AP345,ExcessiveInterLanguageCommunication,,nativeSetAmp,MediaPlayer,org.videolan.libvlc,vlc-android-master/libvlc/src/org/videolan/libvlc/MediaPlayer.java,,vlc-android,vlc-android-master,9/13/2019
346,AP346,ExcessiveInterLanguageCommunication,,nativePauseBackgroundOperations,Medialibrary,org.videolan.medialibrary,vlc-android-master/medialibrary/src/org/videolan/medialibrary/Medialibrary.java,,vlc-android,vlc-android-master,9/13/2019
347,AP347,ExcessiveInterLanguageCommunication,,nativeGetChapters,MediaPlayer,org.videolan.libvlc,vlc-android-master/libvlc/src/org/videolan/libvlc/MediaPlayer.java,,vlc-android,vlc-android-master,9/13/2019
348,AP348,ExcessiveInterLanguageCommunication,,nativeGetSlaves,Media,org.videolan.libvlc,vlc-android-master/libvlc/src/org/videolan/libvlc/Media.java,,vlc-android,vlc-android-master,9/13/2019
349,AP349,ExcessiveInterLanguageCommunication,,nativeGetVideos,Medialibrary,org.videolan.medialibrary,vlc-android-master/medialibrary/src/org/videolan/medialibrary/Medialibrary.java,,vlc-android,vlc-android-master,9/13/2019
350,AP350,ExcessiveInterLanguageCommunication,,nativeGetVideoTrack,MediaPlayer,org.videolan.libvlc,vlc-android-master/libvlc/src/org/videolan/libvlc/MediaPlayer.java,,vlc-android,vlc-android-master,9/13/2019
351,AP351,ExcessiveInterLanguageCommunication,,nativeGetSearchVideoCount,Medialibrary,org.videolan.medialibrary,vlc-android-master/medialibrary/src/org/videolan/medialibrary/Medialibrary.java,,vlc-android,vlc-android-master,9/13/2019
352,AP352,ExcessiveInterLanguageCommunication,,nativeClearSlaves,Media,org.videolan.libvlc,vlc-android-master/libvlc/src/org/videolan/libvlc/Media.java,,vlc-android,vlc-android-master,9/13/2019
353,AP353,ExcessiveInterLanguageCommunication,,nativeGetAspectRatio,MediaPlayer,org.videolan.libvlc,vlc-android-master/libvlc/src/org/videolan/libvlc/MediaPlayer.java,,vlc-android,vlc-android-master,9/13/2019
354,AP354,ExcessiveInterLanguageCommunication,,nativeLastMediaPlayed,Medialibrary,org.videolan.medialibrary,vlc-android-master/medialibrary/src/org/videolan/medialibrary/Medialibrary.java,,vlc-android,vlc-android-master,9/13/2019
355,AP355,ExcessiveInterLanguageCommunication,,nativeNewFromPreset,MediaPlayer,org.videolan.libvlc,vlc-android-master/libvlc/src/org/videolan/libvlc/MediaPlayer.java,,vlc-android,vlc-android-master,9/13/2019
356,AP356,ExcessiveInterLanguageCommunication,,nativeGetArtistsSearchCount,Medialibrary,org.videolan.medialibrary,vlc-android-master/medialibrary/src/org/videolan/medialibrary/Medialibrary.java,,vlc-android,vlc-android-master,9/13/2019
357,AP357,ExcessiveInterLanguageCommunication,,nativeGetAudioTracksCount,MediaPlayer,org.videolan.libvlc,vlc-android-master/libvlc/src/org/videolan/libvlc/MediaPlayer.java,,vlc-android,vlc-android-master,9/13/2019
358,AP358,ExcessiveInterLanguageCommunication,,nativeClearHistory,Medialibrary,org.videolan.medialibrary,vlc-android-master/medialibrary/src/org/videolan/medialibrary/Medialibrary.java,,vlc-android,vlc-android-master,9/13/2019
359,AP359,ExcessiveInterLanguageCommunication,,nativeSearchPagedVideo,Medialibrary,org.videolan.medialibrary,vlc-android-master/medialibrary/src/org/videolan/medialibrary/Medialibrary.java,,vlc-android,vlc-android-master,9/13/2019
360,AP360,ExcessiveInterLanguageCommunication,,nativeSearchAlbum,Medialibrary,org.videolan.medialibrary,vlc-android-master/medialibrary/src/org/videolan/medialibrary/Medialibrary.java,,vlc-android,vlc-android-master,9/13/2019
361,AP361,ExcessiveInterLanguageCommunication,,nativeGetState,Media,org.videolan.libvlc,vlc-android-master/libvlc/src/org/videolan/libvlc/Media.java,,vlc-android,vlc-android-master,9/13/2019
362,AP362,ExcessiveInterLanguageCommunication,,nativeGetMrl,Media,org.videolan.libvlc,vlc-android-master/libvlc/src/org/videolan/libvlc/Media.java,,vlc-android,vlc-android-master,9/13/2019
363,AP363,ExcessiveInterLanguageCommunication,,nativeGetAlbumSearchCount,Medialibrary,org.videolan.medialibrary,vlc-android-master/medialibrary/src/org/videolan/medialibrary/Medialibrary.java,,vlc-android,vlc-android-master,9/13/2019
364,AP364,ExcessiveInterLanguageCommunication,,nativeNew,MediaPlayer,org.videolan.libvlc,vlc-android-master/libvlc/src/org/videolan/libvlc/MediaPlayer.java,,vlc-android,vlc-android-master,9/13/2019
365,AP365,ExcessiveInterLanguageCommunication,,nativeSetAudioOutput,MediaPlayer,org.videolan.libvlc,vlc-android-master/libvlc/src/org/videolan/libvlc/MediaPlayer.java,,vlc-android,vlc-android-master,9/13/2019
366,AP366,ExcessiveInterLanguageCommunication,,nativeGetSearchAudioCount,Medialibrary,org.videolan.medialibrary,vlc-android-master/medialibrary/src/org/videolan/medialibrary/Medialibrary.java,,vlc-android,vlc-android-master,9/13/2019
367,AP367,ExcessiveInterLanguageCommunication,,nativeNewFromLocation,Media,org.videolan.libvlc,vlc-android-master/libvlc/src/org/videolan/libvlc/Media.java,,vlc-android,vlc-android-master,9/13/2019
368,AP368,ExcessiveInterLanguageCommunication,,nativeSetEqualizer,MediaPlayer,org.videolan.libvlc,vlc-android-master/libvlc/src/org/videolan/libvlc/MediaPlayer.java,,vlc-android,vlc-android-master,9/13/2019
369,AP369,ExcessiveInterLanguageCommunication,,nativeOnWindowSize,AWindow,org.videolan.libvlc,vlc-android-master/libvlc/src/org/videolan/libvlc/AWindow.java,,vlc-android,vlc-android-master,9/13/2019
370,AP370,ExcessiveInterLanguageCommunication,,nativeSetScale,MediaPlayer,org.videolan.libvlc,vlc-android-master/libvlc/src/org/videolan/libvlc/MediaPlayer.java,,vlc-android,vlc-android-master,9/13/2019
371,AP371,ExcessiveInterLanguageCommunication,,nativeGetSortedAudio,Medialibrary,org.videolan.medialibrary,vlc-android-master/medialibrary/src/org/videolan/medialibrary/Medialibrary.java,,vlc-android,vlc-android-master,9/13/2019
372,AP372,ExcessiveInterLanguageCommunication,,nativeGetSearchMediaCount,Medialibrary,org.videolan.medialibrary,vlc-android-master/medialibrary/src/org/videolan/medialibrary/Medialibrary.java,,vlc-android,vlc-android-master,9/13/2019
373,AP373,ExcessiveInterLanguageCommunication,,nativeGetSortedVideos,Medialibrary,org.videolan.medialibrary,vlc-android-master/medialibrary/src/org/videolan/medialibrary/Medialibrary.java,,vlc-android,vlc-android-master,9/13/2019
374,AP374,ExcessiveInterLanguageCommunication,,nativeGetPresetName,MediaPlayer,org.videolan.libvlc,vlc-android-master/libvlc/src/org/videolan/libvlc/MediaPlayer.java,,vlc-android,vlc-android-master,9/13/2019
375,AP375,ExcessiveInterLanguageCommunication,,nativeGetAlbum,Medialibrary,org.videolan.medialibrary,vlc-android-master/medialibrary/src/org/videolan/medialibrary/Medialibrary.java,,vlc-android,vlc-android-master,9/13/2019
376,AP376,ExcessiveInterLanguageCommunication,,nativeNewFromLibVlc,MediaPlayer,org.videolan.libvlc,vlc-android-master/libvlc/src/org/videolan/libvlc/MediaPlayer.java,,vlc-android,vlc-android-master,9/13/2019
377,AP377,ExcessiveInterLanguageCommunication,,nativeRelease,MediaPlayer,org.videolan.libvlc,vlc-android-master/libvlc/src/org/videolan/libvlc/MediaPlayer.java,,vlc-android,vlc-android-master,9/13/2019
378,AP378,ExcessiveInterLanguageCommunication,,nativeSearchPagedAudio,Medialibrary,org.videolan.medialibrary,vlc-android-master/medialibrary/src/org/videolan/medialibrary/Medialibrary.java,,vlc-android,vlc-android-master,9/13/2019
379,AP379,ExcessiveInterLanguageCommunication,,nativeGetAudio,Medialibrary,org.videolan.medialibrary,vlc-android-master/medialibrary/src/org/videolan/medialibrary/Medialibrary.java,,vlc-android,vlc-android-master,9/13/2019
380,AP380,ExcessiveInterLanguageCommunication,,nativeGetArtistsCount,Medialibrary,org.videolan.medialibrary,vlc-android-master/medialibrary/src/org/videolan/medialibrary/Medialibrary.java,,vlc-android,vlc-android-master,9/13/2019
381,AP381,ExcessiveInterLanguageCommunication,,nativeSetAudioTrack,MediaPlayer,org.videolan.libvlc,vlc-android-master/libvlc/src/org/videolan/libvlc/MediaPlayer.java,,vlc-android,vlc-android-master,9/13/2019
382,AP382,ExcessiveInterLanguageCommunication,,nativeRelease,Medialibrary,org.videolan.medialibrary,vlc-android-master/medialibrary/src/org/videolan/medialibrary/Medialibrary.java,,vlc-android,vlc-android-master,9/13/2019
383,AP383,ExcessiveInterLanguageCommunication,,nativeSetPreAmp,MediaPlayer,org.videolan.libvlc,vlc-android-master/libvlc/src/org/videolan/libvlc/MediaPlayer.java,,vlc-android,vlc-android-master,9/13/2019
384,AP384,ExcessiveInterLanguageCommunication,,nativeNewFromMediaList,Media,org.videolan.libvlc,vlc-android-master/libvlc/src/org/videolan/libvlc/Media.java,,vlc-android,vlc-android-master,9/13/2019
385,AP385,ExcessiveInterLanguageCommunication,,nativeStop,MediaPlayer,org.videolan.libvlc,vlc-android-master/libvlc/src/org/videolan/libvlc/MediaPlayer.java,,vlc-android,vlc-android-master,9/13/2019
386,AP386,ExcessiveInterLanguageCommunication,,nativeSearchGenre,Medialibrary,org.videolan.medialibrary,vlc-android-master/medialibrary/src/org/videolan/medialibrary/Medialibrary.java,,vlc-android,vlc-android-master,9/13/2019
387,AP387,ExcessiveInterLanguageCommunication,,nativeSetAspectRatio,MediaPlayer,org.videolan.libvlc,vlc-android-master/libvlc/src/org/videolan/libvlc/MediaPlayer.java,,vlc-android,vlc-android-master,9/13/2019
388,AP388,ExcessiveInterLanguageCommunication,,nativeRemoveEntryPoint,Medialibrary,org.videolan.medialibrary,vlc-android-master/medialibrary/src/org/videolan/medialibrary/Medialibrary.java,,vlc-android,vlc-android-master,9/13/2019
389,AP389,ExcessiveInterLanguageCommunication,,nativeSetMediaUpdatedCbFlag,Medialibrary,org.videolan.medialibrary,vlc-android-master/medialibrary/src/org/videolan/medialibrary/Medialibrary.java,,vlc-android,vlc-android-master,9/13/2019
390,AP390,ExcessiveInterLanguageCommunication,,nativeEntryPoints,Medialibrary,org.videolan.medialibrary,vlc-android-master/medialibrary/src/org/videolan/medialibrary/Medialibrary.java,,vlc-android,vlc-android-master,9/13/2019
391,AP391,ExcessiveInterLanguageCommunication,,nativeGetGenres,Medialibrary,org.videolan.medialibrary,vlc-android-master/medialibrary/src/org/videolan/medialibrary/Medialibrary.java,,vlc-android,vlc-android-master,9/13/2019
392,AP392,ExcessiveInterLanguageCommunication,,nativeSetVideoTitleDisplay,MediaPlayer,org.videolan.libvlc,vlc-android-master/libvlc/src/org/videolan/libvlc/MediaPlayer.java,,vlc-android,vlc-android-master,9/13/2019
393,AP393,ExcessiveInterLanguageCommunication,,nativeGetScale,MediaPlayer,org.videolan.libvlc,vlc-android-master/libvlc/src/org/videolan/libvlc/MediaPlayer.java,,vlc-android,vlc-android-master,9/13/2019
394,AP394,ExcessiveInterLanguageCommunication,,nativeRelease,Media,org.videolan.libvlc,vlc-android-master/libvlc/src/org/videolan/libvlc/Media.java,,vlc-android,vlc-android-master,9/13/2019
395,AP395,ExcessiveInterLanguageCommunication,,nativeGetPlaylistSearchCount,Medialibrary,org.videolan.medialibrary,vlc-android-master/medialibrary/src/org/videolan/medialibrary/Medialibrary.java,,vlc-android,vlc-android-master,9/13/2019
396,AP396,ExcessiveInterLanguageCommunication,,nativeBanFolder,Medialibrary,org.videolan.medialibrary,vlc-android-master/medialibrary/src/org/videolan/medialibrary/Medialibrary.java,,vlc-android,vlc-android-master,9/13/2019
397,AP397,ExcessiveInterLanguageCommunication,,nativeGetVideoTracksCount,MediaPlayer,org.videolan.libvlc,vlc-android-master/libvlc/src/org/videolan/libvlc/MediaPlayer.java,,vlc-android,vlc-android-master,9/13/2019
398,AP398,ExcessiveInterLanguageCommunication,,nativeGetSpuTracks,MediaPlayer,org.videolan.libvlc,vlc-android-master/libvlc/src/org/videolan/libvlc/MediaPlayer.java,,vlc-android,vlc-android-master,9/13/2019
399,AP399,ExcessiveInterLanguageCommunication,,nativeGetArtist,Medialibrary,org.videolan.medialibrary,vlc-android-master/medialibrary/src/org/videolan/medialibrary/Medialibrary.java,,vlc-android,vlc-android-master,9/13/2019
400,AP400,ExcessiveInterLanguageCommunication,,nativeStart,Medialibrary,org.videolan.medialibrary,vlc-android-master/medialibrary/src/org/videolan/medialibrary/Medialibrary.java,,vlc-android,vlc-android-master,9/13/2019
401,AP401,ExcessiveInterLanguageCommunication,,nativeDevices,Medialibrary,org.videolan.medialibrary,vlc-android-master/medialibrary/src/org/videolan/medialibrary/Medialibrary.java,,vlc-android,vlc-android-master,9/13/2019
402,AP402,ExcessiveInterLanguageCommunication,,nativeGetPreAmp,MediaPlayer,org.videolan.libvlc,vlc-android-master/libvlc/src/org/videolan/libvlc/MediaPlayer.java,,vlc-android,vlc-android-master,9/13/2019
403,AP403,ExcessiveInterLanguageCommunication,,nativeSearchMedia,Medialibrary,org.videolan.medialibrary,vlc-android-master/medialibrary/src/org/videolan/medialibrary/Medialibrary.java,,vlc-android,vlc-android-master,9/13/2019
404,AP404,ExcessiveInterLanguageCommunication,,nativeGetAudioTrack,MediaPlayer,org.videolan.libvlc,vlc-android-master/libvlc/src/org/videolan/libvlc/MediaPlayer.java,,vlc-android,vlc-android-master,9/13/2019
405,AP405,ExcessiveInterLanguageCommunication,,nativeDiscover,Medialibrary,org.videolan.medialibrary,vlc-android-master/medialibrary/src/org/videolan/medialibrary/Medialibrary.java,,vlc-android,vlc-android-master,9/13/2019
406,AP406,ExcessiveInterLanguageCommunication,,nativePlay,MediaPlayer,org.videolan.libvlc,vlc-android-master/libvlc/src/org/videolan/libvlc/MediaPlayer.java,,vlc-android,vlc-android-master,9/13/2019
407,AP407,TooMuchClustering,,,Equalizer,org.videolan.libvlc,vlc-android-master/libvlc/src/org/videolan/libvlc/MediaPlayer.java,,vlc-android,vlc-android-master,9/13/2019
408,AP408,TooMuchClustering,,,Media,org.videolan.libvlc,vlc-android-master/libvlc/src/org/videolan/libvlc/Media.java,,vlc-android,vlc-android-master,9/13/2019
409,AP409,TooMuchClustering,,,Medialibrary,org.videolan.medialibrary,vlc-android-master/medialibrary/src/org/videolan/medialibrary/Medialibrary.java,,vlc-android,vlc-android-master,9/13/2019
410,AP410,TooMuchClustering,,,Playlist,org.videolan.medialibrary.media,vlc-android-master/medialibrary/src/org/videolan/medialibrary/media/Playlist.java,,vlc-android,vlc-android-master,9/13/2019
411,AP411,TooMuchClustering,,,MediaList,org.videolan.libvlc,vlc-android-master/libvlc/src/org/videolan/libvlc/MediaList.java,,vlc-android,vlc-android-master,9/13/2019
412,AP412,TooMuchClustering,,,Artist,org.videolan.medialibrary.media,vlc-android-master/medialibrary/src/org/videolan/medialibrary/media/Artist.java,,vlc-android,vlc-android-master,9/13/2019
413,AP413,TooMuchClustering,,,MediaWrapper,org.videolan.medialibrary.media,vlc-android-master/medialibrary/src/org/videolan/medialibrary/media/MediaWrapper.java,,vlc-android,vlc-android-master,9/13/2019
414,AP414,TooMuchClustering,,,Genre,org.videolan.medialibrary.media,vlc-android-master/medialibrary/src/org/videolan/medialibrary/media/Genre.java,,vlc-android,vlc-android-master,9/13/2019
415,AP415,TooMuchClustering,,,MediaPlayer,org.videolan.libvlc,vlc-android-master/libvlc/src/org/videolan/libvlc/MediaPlayer.java,,vlc-android,vlc-android-master,9/13/2019
416,AP416,TooMuchScattering,,,AWindow,org.videolan.libvlc,vlc-android-master/libvlc/src/org/videolan/libvlc/AWindow.java,,vlc-android,vlc-android-master,9/13/2019
417,AP417,TooMuchScattering,,,VLCObject<T extends VLCEvent>,org.videolan.libvlc,vlc-android-master/libvlc/src/org/videolan/libvlc/VLCObject.java,,vlc-android,vlc-android-master,9/13/2019
418,AP418,TooMuchScattering,,,Dialog,org.videolan.libvlc,vlc-android-master/libvlc/src/org/videolan/libvlc/Dialog.java,,vlc-android,vlc-android-master,9/13/2019
419,AP419,TooMuchScattering,,,RendererItem,org.videolan.libvlc,vlc-android-master/libvlc/src/org/videolan/libvlc/RendererItem.java,,vlc-android,vlc-android-master,9/13/2019
420,AP420,TooMuchScattering,,,MediaDiscoverer,org.videolan.libvlc,vlc-android-master/libvlc/src/org/videolan/libvlc/MediaDiscoverer.java,,vlc-android,vlc-android-master,9/13/2019
