Id_Table,ID,Name,Variable,Method,Class,Package,File,File Name,System,Version,Release
1,CS1,AssumingSafeMultiLanguageReturnValues,dstPos,Java_com_github_luben_zstd_ZstdInputStream_initDStream,,,zstd-jni-1.3.2-2/src/main/native/jni_inputstream_zstd.c,jni_inputstream_zstd.c,zstd-jni,zstd-jni-1.3.2-2,10/19/2017
2,CS2,AssumingSafeMultiLanguageReturnValues,produced,Java_com_github_luben_zstd_ZstdDirectBufferDecompressingStream_initDStream,,,zstd-jni-1.3.2-2/src/main/native/jni_directbufferdecompress_zstd.c,jni_directbufferdecompress_zstd.c,zstd-jni,zstd-jni-1.3.2-2,10/19/2017
3,CS3,AssumingSafeMultiLanguageReturnValues,srcPos,Java_com_github_luben_zstd_ZstdOutputStream_initCStream,,,zstd-jni-1.3.2-2/src/main/native/jni_outputstream_zstd.c,jni_outputstream_zstd.c,zstd-jni,zstd-jni-1.3.2-2,10/19/2017
4,CS4,AssumingSafeMultiLanguageReturnValues,consumed,Java_com_github_luben_zstd_ZstdDirectBufferCompressingStream_initCStream,,,zstd-jni-1.3.2-2/src/main/native/jni_directbuffercompress_zstd.c,jni_directbuffercompress_zstd.c,zstd-jni,zstd-jni-1.3.2-2,10/19/2017
5,CS5,AssumingSafeMultiLanguageReturnValues,srcPos,Java_com_github_luben_zstd_ZstdInputStream_decompressStream,,,zstd-jni-1.3.2-2/src/main/native/jni_inputstream_zstd.c,jni_inputstream_zstd.c,zstd-jni,zstd-jni-1.3.2-2,10/19/2017
6,CS6,AssumingSafeMultiLanguageReturnValues,Ljava/lang/OutOfMemoryError;,Java_com_github_luben_zstd_Zstd_trainFromBuffer,,,zstd-jni-1.3.2-2/src/main/native/jni_zdict.c,jni_zdict.c,zstd-jni,zstd-jni-1.3.2-2,10/19/2017
7,CS7,AssumingSafeMultiLanguageReturnValues,dstPos,Java_com_github_luben_zstd_ZstdOutputStream_initCStream,,,zstd-jni-1.3.2-2/src/main/native/jni_outputstream_zstd.c,jni_outputstream_zstd.c,zstd-jni,zstd-jni-1.3.2-2,10/19/2017
8,CS8,AssumingSafeMultiLanguageReturnValues,produced,Java_com_github_luben_zstd_ZstdDirectBufferCompressingStream_initCStream,,,zstd-jni-1.3.2-2/src/main/native/jni_directbuffercompress_zstd.c,jni_directbuffercompress_zstd.c,zstd-jni,zstd-jni-1.3.2-2,10/19/2017
9,CS9,AssumingSafeMultiLanguageReturnValues,srcPos,Java_com_github_luben_zstd_ZstdInputStream_initDStream,,,zstd-jni-1.3.2-2/src/main/native/jni_inputstream_zstd.c,jni_inputstream_zstd.c,zstd-jni,zstd-jni-1.3.2-2,10/19/2017
10,CS10,AssumingSafeMultiLanguageReturnValues,consumed,Java_com_github_luben_zstd_ZstdDirectBufferDecompressingStream_initDStream,,,zstd-jni-1.3.2-2/src/main/native/jni_directbufferdecompress_zstd.c,jni_directbufferdecompress_zstd.c,zstd-jni,zstd-jni-1.3.2-2,10/19/2017
11,CS11,AssumingSafeMultiLanguageReturnValues,dstPos,Java_com_github_luben_zstd_ZstdInputStream_decompressStream,,,zstd-jni-1.3.2-2/src/main/native/jni_inputstream_zstd.c,jni_inputstream_zstd.c,zstd-jni,zstd-jni-1.3.2-2,10/19/2017
12,CS12,NotHandlingExceptions,dstPos,Java_com_github_luben_zstd_ZstdInputStream_initDStream,,,zstd-jni-1.3.2-2/src/main/native/jni_inputstream_zstd.c,jni_inputstream_zstd.c,zstd-jni,zstd-jni-1.3.2-2,10/19/2017
13,CS13,NotHandlingExceptions,produced,Java_com_github_luben_zstd_ZstdDirectBufferDecompressingStream_initDStream,,,zstd-jni-1.3.2-2/src/main/native/jni_directbufferdecompress_zstd.c,jni_directbufferdecompress_zstd.c,zstd-jni,zstd-jni-1.3.2-2,10/19/2017
14,CS14,NotHandlingExceptions,srcPos,Java_com_github_luben_zstd_ZstdOutputStream_initCStream,,,zstd-jni-1.3.2-2/src/main/native/jni_outputstream_zstd.c,jni_outputstream_zstd.c,zstd-jni,zstd-jni-1.3.2-2,10/19/2017
15,CS15,NotHandlingExceptions,consumed,Java_com_github_luben_zstd_ZstdDirectBufferCompressingStream_initCStream,,,zstd-jni-1.3.2-2/src/main/native/jni_directbuffercompress_zstd.c,jni_directbuffercompress_zstd.c,zstd-jni,zstd-jni-1.3.2-2,10/19/2017
16,CS16,NotHandlingExceptions,srcPos,Java_com_github_luben_zstd_ZstdInputStream_decompressStream,,,zstd-jni-1.3.2-2/src/main/native/jni_inputstream_zstd.c,jni_inputstream_zstd.c,zstd-jni,zstd-jni-1.3.2-2,10/19/2017
17,CS17,NotHandlingExceptions,nativePtr,Java_com_github_luben_zstd_ZstdDictCompress_init,,,zstd-jni-1.3.2-2/src/main/native/jni_fast_zstd.c,jni_fast_zstd.c,zstd-jni,zstd-jni-1.3.2-2,10/19/2017
18,CS18,NotHandlingExceptions,nativePtr,Java_com_github_luben_zstd_ZstdDictDecompress_init,,,zstd-jni-1.3.2-2/src/main/native/jni_fast_zstd.c,jni_fast_zstd.c,zstd-jni,zstd-jni-1.3.2-2,10/19/2017
19,CS19,NotHandlingExceptions,Ljava/lang/OutOfMemoryError;,Java_com_github_luben_zstd_Zstd_trainFromBuffer,,,zstd-jni-1.3.2-2/src/main/native/jni_zdict.c,jni_zdict.c,zstd-jni,zstd-jni-1.3.2-2,10/19/2017
20,CS20,NotHandlingExceptions,dstPos,Java_com_github_luben_zstd_ZstdOutputStream_initCStream,,,zstd-jni-1.3.2-2/src/main/native/jni_outputstream_zstd.c,jni_outputstream_zstd.c,zstd-jni,zstd-jni-1.3.2-2,10/19/2017
21,CS21,NotHandlingExceptions,produced,Java_com_github_luben_zstd_ZstdDirectBufferCompressingStream_initCStream,,,zstd-jni-1.3.2-2/src/main/native/jni_directbuffercompress_zstd.c,jni_directbuffercompress_zstd.c,zstd-jni,zstd-jni-1.3.2-2,10/19/2017
22,CS22,NotHandlingExceptions,srcPos,Java_com_github_luben_zstd_ZstdInputStream_initDStream,,,zstd-jni-1.3.2-2/src/main/native/jni_inputstream_zstd.c,jni_inputstream_zstd.c,zstd-jni,zstd-jni-1.3.2-2,10/19/2017
23,CS23,NotHandlingExceptions,consumed,Java_com_github_luben_zstd_ZstdDirectBufferDecompressingStream_initDStream,,,zstd-jni-1.3.2-2/src/main/native/jni_directbufferdecompress_zstd.c,jni_directbufferdecompress_zstd.c,zstd-jni,zstd-jni-1.3.2-2,10/19/2017
24,CS24,NotHandlingExceptions,dstPos,Java_com_github_luben_zstd_ZstdInputStream_decompressStream,,,zstd-jni-1.3.2-2/src/main/native/jni_inputstream_zstd.c,jni_inputstream_zstd.c,zstd-jni,zstd-jni-1.3.2-2,10/19/2017
25,CS25,NotCachingObjectsElements,nativePtr,Java_com_github_luben_zstd_ZstdDictDecompress_init,,,zstd-jni-1.3.2-2/src/main/native/jni_fast_zstd.c,jni_fast_zstd.c,zstd-jni,zstd-jni-1.3.2-2,10/19/2017
26,CS26,NotCachingObjectsElements,dstPos,Java_com_github_luben_zstd_ZstdInputStream_initDStream,,,zstd-jni-1.3.2-2/src/main/native/jni_inputstream_zstd.c,jni_inputstream_zstd.c,zstd-jni,zstd-jni-1.3.2-2,10/19/2017
27,CS27,NotCachingObjectsElements,produced,Java_com_github_luben_zstd_ZstdDirectBufferDecompressingStream_initDStream,,,zstd-jni-1.3.2-2/src/main/native/jni_directbufferdecompress_zstd.c,jni_directbufferdecompress_zstd.c,zstd-jni,zstd-jni-1.3.2-2,10/19/2017
28,CS28,NotCachingObjectsElements,srcPos,Java_com_github_luben_zstd_ZstdOutputStream_initCStream,,,zstd-jni-1.3.2-2/src/main/native/jni_outputstream_zstd.c,jni_outputstream_zstd.c,zstd-jni,zstd-jni-1.3.2-2,10/19/2017
29,CS29,NotCachingObjectsElements,consumed,Java_com_github_luben_zstd_ZstdDirectBufferCompressingStream_initCStream,,,zstd-jni-1.3.2-2/src/main/native/jni_directbuffercompress_zstd.c,jni_directbuffercompress_zstd.c,zstd-jni,zstd-jni-1.3.2-2,10/19/2017
30,CS30,NotCachingObjectsElements,srcPos,Java_com_github_luben_zstd_ZstdInputStream_decompressStream,,,zstd-jni-1.3.2-2/src/main/native/jni_inputstream_zstd.c,jni_inputstream_zstd.c,zstd-jni,zstd-jni-1.3.2-2,10/19/2017
31,CS31,NotCachingObjectsElements,dstPos,Java_com_github_luben_zstd_ZstdOutputStream_initCStream,,,zstd-jni-1.3.2-2/src/main/native/jni_outputstream_zstd.c,jni_outputstream_zstd.c,zstd-jni,zstd-jni-1.3.2-2,10/19/2017
32,CS32,NotCachingObjectsElements,nativePtr,Java_com_github_luben_zstd_ZstdDictCompress_init,,,zstd-jni-1.3.2-2/src/main/native/jni_fast_zstd.c,jni_fast_zstd.c,zstd-jni,zstd-jni-1.3.2-2,10/19/2017
33,CS33,NotCachingObjectsElements,produced,Java_com_github_luben_zstd_ZstdDirectBufferCompressingStream_initCStream,,,zstd-jni-1.3.2-2/src/main/native/jni_directbuffercompress_zstd.c,jni_directbuffercompress_zstd.c,zstd-jni,zstd-jni-1.3.2-2,10/19/2017
34,CS34,NotCachingObjectsElements,srcPos,Java_com_github_luben_zstd_ZstdInputStream_initDStream,,,zstd-jni-1.3.2-2/src/main/native/jni_inputstream_zstd.c,jni_inputstream_zstd.c,zstd-jni,zstd-jni-1.3.2-2,10/19/2017
35,CS35,NotCachingObjectsElements,consumed,Java_com_github_luben_zstd_ZstdDirectBufferDecompressingStream_initDStream,,,zstd-jni-1.3.2-2/src/main/native/jni_directbufferdecompress_zstd.c,jni_directbufferdecompress_zstd.c,zstd-jni,zstd-jni-1.3.2-2,10/19/2017
36,CS36,NotCachingObjectsElements,dstPos,Java_com_github_luben_zstd_ZstdInputStream_decompressStream,,,zstd-jni-1.3.2-2/src/main/native/jni_inputstream_zstd.c,jni_inputstream_zstd.c,zstd-jni,zstd-jni-1.3.2-2,10/19/2017
37,CS37,UnusedImplementation,,decompressedSize,Zstd,com.github.luben.zstd,zstd-jni-1.3.2-2/src/main/java/com/github/luben/zstd/Zstd.java,Zstd.java,zstd-jni,zstd-jni-1.3.2-2,10/19/2017
38,CS38,UnusedImplementation,,windowLogMin,Zstd,com.github.luben.zstd,zstd-jni-1.3.2-2/src/main/java/com/github/luben/zstd/Zstd.java,Zstd.java,zstd-jni,zstd-jni-1.3.2-2,10/19/2017
39,CS39,UnusedImplementation,,chainLogMin,Zstd,com.github.luben.zstd,zstd-jni-1.3.2-2/src/main/java/com/github/luben/zstd/Zstd.java,Zstd.java,zstd-jni,zstd-jni-1.3.2-2,10/19/2017
40,CS40,UnusedImplementation,,hashLogMin,Zstd,com.github.luben.zstd,zstd-jni-1.3.2-2/src/main/java/com/github/luben/zstd/Zstd.java,Zstd.java,zstd-jni,zstd-jni-1.3.2-2,10/19/2017
41,CS41,UnusedImplementation,,searchLogMax,Zstd,com.github.luben.zstd,zstd-jni-1.3.2-2/src/main/java/com/github/luben/zstd/Zstd.java,Zstd.java,zstd-jni,zstd-jni-1.3.2-2,10/19/2017
42,CS42,UnusedImplementation,,searchLogMin,Zstd,com.github.luben.zstd,zstd-jni-1.3.2-2/src/main/java/com/github/luben/zstd/Zstd.java,Zstd.java,zstd-jni,zstd-jni-1.3.2-2,10/19/2017
43,CS43,UnusedImplementation,,searchLengthMax,Zstd,com.github.luben.zstd,zstd-jni-1.3.2-2/src/main/java/com/github/luben/zstd/Zstd.java,Zstd.java,zstd-jni,zstd-jni-1.3.2-2,10/19/2017
44,CS44,UnusedImplementation,,blockSizeMax,Zstd,com.github.luben.zstd,zstd-jni-1.3.2-2/src/main/java/com/github/luben/zstd/Zstd.java,Zstd.java,zstd-jni,zstd-jni-1.3.2-2,10/19/2017
45,CS45,UnusedImplementation,,targetLengthMax,Zstd,com.github.luben.zstd,zstd-jni-1.3.2-2/src/main/java/com/github/luben/zstd/Zstd.java,Zstd.java,zstd-jni,zstd-jni-1.3.2-2,10/19/2017
46,CS46,UnusedImplementation,,magicNumber,Zstd,com.github.luben.zstd,zstd-jni-1.3.2-2/src/main/java/com/github/luben/zstd/Zstd.java,Zstd.java,zstd-jni,zstd-jni-1.3.2-2,10/19/2017
47,CS47,UnusedImplementation,,hashLogMax,Zstd,com.github.luben.zstd,zstd-jni-1.3.2-2/src/main/java/com/github/luben/zstd/Zstd.java,Zstd.java,zstd-jni,zstd-jni-1.3.2-2,10/19/2017
48,CS48,UnusedImplementation,,frameHeaderSizeMin,Zstd,com.github.luben.zstd,zstd-jni-1.3.2-2/src/main/java/com/github/luben/zstd/Zstd.java,Zstd.java,zstd-jni,zstd-jni-1.3.2-2,10/19/2017
49,CS49,UnusedImplementation,,searchLengthMin,Zstd,com.github.luben.zstd,zstd-jni-1.3.2-2/src/main/java/com/github/luben/zstd/Zstd.java,Zstd.java,zstd-jni,zstd-jni-1.3.2-2,10/19/2017
50,CS50,UnusedImplementation,,targetLengthMin,Zstd,com.github.luben.zstd,zstd-jni-1.3.2-2/src/main/java/com/github/luben/zstd/Zstd.java,Zstd.java,zstd-jni,zstd-jni-1.3.2-2,10/19/2017
51,CS51,UnusedImplementation,,frameHeaderSizeMax,Zstd,com.github.luben.zstd,zstd-jni-1.3.2-2/src/main/java/com/github/luben/zstd/Zstd.java,Zstd.java,zstd-jni,zstd-jni-1.3.2-2,10/19/2017
52,CS52,UnusedImplementation,,chainLogMax,Zstd,com.github.luben.zstd,zstd-jni-1.3.2-2/src/main/java/com/github/luben/zstd/Zstd.java,Zstd.java,zstd-jni,zstd-jni-1.3.2-2,10/19/2017
53,CS53,UnusedImplementation,,trainFromBuffer,Zstd,com.github.luben.zstd,zstd-jni-1.3.2-2/src/main/java/com/github/luben/zstd/Zstd.java,Zstd.java,zstd-jni,zstd-jni-1.3.2-2,10/19/2017
54,CS54,UnusedImplementation,,windowLogMax,Zstd,com.github.luben.zstd,zstd-jni-1.3.2-2/src/main/java/com/github/luben/zstd/Zstd.java,Zstd.java,zstd-jni,zstd-jni-1.3.2-2,10/19/2017
55,CS55,PassingExcessiveObjects,src,Java_com_github_luben_zstd_Zstd_decompressDirectByteBufferFastDict,,,zstd-jni-1.3.2-2/src/main/native/jni_fast_zstd.c,jni_fast_zstd.c,zstd-jni,zstd-jni-1.3.2-2,10/19/2017
56,CS56,PassingExcessiveObjects,dict,Java_com_github_luben_zstd_Zstd_compressFastDict,,,zstd-jni-1.3.2-2/src/main/native/jni_fast_zstd.c,jni_fast_zstd.c,zstd-jni,zstd-jni-1.3.2-2,10/19/2017
57,CS57,PassingExcessiveObjects,dst,Java_com_github_luben_zstd_Zstd_decompressDirectByteBufferFastDict,,,zstd-jni-1.3.2-2/src/main/native/jni_fast_zstd.c,jni_fast_zstd.c,zstd-jni,zstd-jni-1.3.2-2,10/19/2017
58,CS58,PassingExcessiveObjects,dict,Java_com_github_luben_zstd_Zstd_compressDirectByteBufferFastDict,,,zstd-jni-1.3.2-2/src/main/native/jni_fast_zstd.c,jni_fast_zstd.c,zstd-jni,zstd-jni-1.3.2-2,10/19/2017
59,CS59,PassingExcessiveObjects,src,Java_com_github_luben_zstd_Zstd_compressDirectByteBufferFastDict,,,zstd-jni-1.3.2-2/src/main/native/jni_fast_zstd.c,jni_fast_zstd.c,zstd-jni,zstd-jni-1.3.2-2,10/19/2017
60,CS60,PassingExcessiveObjects,dst,Java_com_github_luben_zstd_Zstd_compressDirectByteBufferFastDict,,,zstd-jni-1.3.2-2/src/main/native/jni_fast_zstd.c,jni_fast_zstd.c,zstd-jni,zstd-jni-1.3.2-2,10/19/2017
61,CS61,PassingExcessiveObjects,dict,Java_com_github_luben_zstd_Zstd_decompressDirectByteBufferFastDict,,,zstd-jni-1.3.2-2/src/main/native/jni_fast_zstd.c,jni_fast_zstd.c,zstd-jni,zstd-jni-1.3.2-2,10/19/2017
62,CS62,PassingExcessiveObjects,dict,Java_com_github_luben_zstd_Zstd_decompressFastDict,,,zstd-jni-1.3.2-2/src/main/native/jni_fast_zstd.c,jni_fast_zstd.c,zstd-jni,zstd-jni-1.3.2-2,10/19/2017
63,CS63,HardCodingLibraries,libnameShort,load,,com.github.luben.zstd.util,zstd-jni-1.3.2-2/src/main/java/com/github/luben/zstd/util/Native.java,Native.java,zstd-jni,zstd-jni-1.3.2-2,10/19/2017
64,CS64,HardCodingLibraries,tempLib.getAbsolutePath(),load,,com.github.luben.zstd.util,zstd-jni-1.3.2-2/src/main/java/com/github/luben/zstd/util/Native.java,Native.java,zstd-jni,zstd-jni-1.3.2-2,10/19/2017
65,CS65,UnusedParameters,bucket_B,construct_BWT_indexes,,,zstd-jni-1.3.2-2/src/main/native/dictBuilder/divsufsort.c,divsufsort.c,zstd-jni,zstd-jni-1.3.2-2,10/19/2017
66,CS66,UnusedParameters,fast,ZSTDv06_wildcopy,,,zstd-jni-1.3.2-2/src/main/native/legacy/zstd_v06.c,zstd_v06.c,zstd-jni,zstd-jni-1.3.2-2,10/19/2017
67,CS67,UnusedParameters,notificationLevel,ZDICT_analyzePos,,,zstd-jni-1.3.2-2/src/main/native/dictBuilder/zdict.c,zdict.c,zstd-jni,zstd-jni-1.3.2-2,10/19/2017
68,CS68,UnusedParameters,fast,FSE_compress_usingCTable_generic,,,zstd-jni-1.3.2-2/src/main/native/compress/fse_compress.c,fse_compress.c,zstd-jni,zstd-jni-1.3.2-2,10/19/2017
69,CS69,UnusedParameters,bucket_A,construct_BWT_indexes,,,zstd-jni-1.3.2-2/src/main/native/dictBuilder/divsufsort.c,divsufsort.c,zstd-jni,zstd-jni-1.3.2-2,10/19/2017
70,CS70,UnusedParameters,bucket_A,construct_SA,,,zstd-jni-1.3.2-2/src/main/native/dictBuilder/divsufsort.c,divsufsort.c,zstd-jni,zstd-jni-1.3.2-2,10/19/2017
71,CS71,UnusedParameters,dtLog,HUF_decodeStreamX2,,,zstd-jni-1.3.2-2/src/main/native/legacy/zstd_v04.c,zstd_v04.c,zstd-jni,zstd-jni-1.3.2-2,10/19/2017
72,CS72,UnusedParameters,endian,XXH64_endian_align,,,zstd-jni-1.3.2-2/src/main/native/common/xxhash.c,xxhash.c,zstd-jni,zstd-jni-1.3.2-2,10/19/2017
73,CS73,UnusedParameters,bucket_B,construct_SA,,,zstd-jni-1.3.2-2/src/main/native/dictBuilder/divsufsort.c,divsufsort.c,zstd-jni,zstd-jni-1.3.2-2,10/19/2017
74,CS74,UnusedParameters,fast,FSE_decompress_usingDTable_generic,,,zstd-jni-1.3.2-2/src/main/native/common/fse_decompress.c,fse_decompress.c,zstd-jni,zstd-jni-1.3.2-2,10/19/2017
75,CS75,UnusedParameters,align,XXH64_endian_align,,,zstd-jni-1.3.2-2/src/main/native/common/xxhash.c,xxhash.c,zstd-jni,zstd-jni-1.3.2-2,10/19/2017
76,CS76,UnusedParameters,dt,HUF_decodeStreamX2,,,zstd-jni-1.3.2-2/src/main/native/legacy/zstd_v04.c,zstd_v04.c,zstd-jni,zstd-jni-1.3.2-2,10/19/2017
77,CS77,UnusedParameters,bucket_B,construct_BWT,,,zstd-jni-1.3.2-2/src/main/native/dictBuilder/divsufsort.c,divsufsort.c,zstd-jni,zstd-jni-1.3.2-2,10/19/2017
78,CS78,UnusedParameters,bucket_A,construct_BWT,,,zstd-jni-1.3.2-2/src/main/native/dictBuilder/divsufsort.c,divsufsort.c,zstd-jni,zstd-jni-1.3.2-2,10/19/2017
79,CS79,UnusedParameters,fast,FSEv07_decompress_usingDTable_generic,,,zstd-jni-1.3.2-2/src/main/native/legacy/zstd_v07.c,zstd_v07.c,zstd-jni,zstd-jni-1.3.2-2,10/19/2017
80,CS80,UnusedParameters,dtLog,HUFv07_decodeStreamX2,,,zstd-jni-1.3.2-2/src/main/native/legacy/zstd_v07.c,zstd_v07.c,zstd-jni,zstd-jni-1.3.2-2,10/19/2017
81,CS81,UnusedParameters,notificationLevel,ZDICT_countEStats,,,zstd-jni-1.3.2-2/src/main/native/dictBuilder/zdict.c,zdict.c,zstd-jni,zstd-jni-1.3.2-2,10/19/2017
82,CS82,UnusedParameters,align,XXH32_endian_align,,,zstd-jni-1.3.2-2/src/main/native/common/xxhash.c,xxhash.c,zstd-jni,zstd-jni-1.3.2-2,10/19/2017
83,CS83,UnusedParameters,endian,XXH32_endian_align,,,zstd-jni-1.3.2-2/src/main/native/common/xxhash.c,xxhash.c,zstd-jni,zstd-jni-1.3.2-2,10/19/2017
84,CS84,UnusedParameters,dt,HUFv07_decodeStreamX2,,,zstd-jni-1.3.2-2/src/main/native/legacy/zstd_v07.c,zstd_v07.c,zstd-jni,zstd-jni-1.3.2-2,10/19/2017
85,CS85,NotSecuringLibraries,libnameShort,load,,com.github.luben.zstd.util,zstd-jni-1.3.2-2/src/main/java/com/github/luben/zstd/util/Native.java,Native.java,zstd-jni,zstd-jni-1.3.2-2,10/19/2017
86,CS86,NotSecuringLibraries,tempLib.getAbsolutePath(),load,,com.github.luben.zstd.util,zstd-jni-1.3.2-2/src/main/java/com/github/luben/zstd/util/Native.java,Native.java,zstd-jni,zstd-jni-1.3.2-2,10/19/2017
87,AP87,ExcessiveInterLanguageCommunication,,compressDirectByteBuffer,Zstd,com.github.luben.zstd,zstd-jni-1.3.2-2/src/main/java/com/github/luben/zstd/Zstd.java,,zstd-jni,zstd-jni-1.3.2-2,10/19/2017
88,AP88,ExcessiveInterLanguageCommunication,,decompressDirectByteBuffer,Zstd,com.github.luben.zstd,zstd-jni-1.3.2-2/src/main/java/com/github/luben/zstd/Zstd.java,,zstd-jni,zstd-jni-1.3.2-2,10/19/2017
89,AP89,ExcessiveInterLanguageCommunication,,initDStream,ZstdInputStream,com.github.luben.zstd,zstd-jni-1.3.2-2/src/main/java/com/github/luben/zstd/ZstdInputStream.java,,zstd-jni,zstd-jni-1.3.2-2,10/19/2017
90,AP90,ExcessiveInterLanguageCommunication,,initCStream,ZstdOutputStream,com.github.luben.zstd,zstd-jni-1.3.2-2/src/main/java/com/github/luben/zstd/ZstdOutputStream.java,,zstd-jni,zstd-jni-1.3.2-2,10/19/2017
91,AP91,ExcessiveInterLanguageCommunication,,decompressUsingDict,Zstd,com.github.luben.zstd,zstd-jni-1.3.2-2/src/main/java/com/github/luben/zstd/Zstd.java,,zstd-jni,zstd-jni-1.3.2-2,10/19/2017
92,AP92,ExcessiveInterLanguageCommunication,,compressBound,Zstd,com.github.luben.zstd,zstd-jni-1.3.2-2/src/main/java/com/github/luben/zstd/Zstd.java,,zstd-jni,zstd-jni-1.3.2-2,10/19/2017
93,AP93,ExcessiveInterLanguageCommunication,,decompress,Zstd,com.github.luben.zstd,zstd-jni-1.3.2-2/src/main/java/com/github/luben/zstd/Zstd.java,,zstd-jni,zstd-jni-1.3.2-2,10/19/2017
94,AP94,ExcessiveInterLanguageCommunication,,isError,Zstd,com.github.luben.zstd,zstd-jni-1.3.2-2/src/main/java/com/github/luben/zstd/Zstd.java,,zstd-jni,zstd-jni-1.3.2-2,10/19/2017
95,AP95,ExcessiveInterLanguageCommunication,,decompressFastDict,Zstd,com.github.luben.zstd,zstd-jni-1.3.2-2/src/main/java/com/github/luben/zstd/Zstd.java,,zstd-jni,zstd-jni-1.3.2-2,10/19/2017
96,AP96,ExcessiveInterLanguageCommunication,,initDStream,ZstdDirectBufferDecompressingStream,com.github.luben.zstd,zstd-jni-1.3.2-2/src/main/java/com/github/luben/zstd/ZstdDirectBufferDecompressingStream.java,,zstd-jni,zstd-jni-1.3.2-2,10/19/2017
97,AP97,ExcessiveInterLanguageCommunication,,decompressDirectByteBufferFastDict,Zstd,com.github.luben.zstd,zstd-jni-1.3.2-2/src/main/java/com/github/luben/zstd/Zstd.java,,zstd-jni,zstd-jni-1.3.2-2,10/19/2017
98,AP98,ExcessiveInterLanguageCommunication,,decompressStream,ZstdDirectBufferDecompressingStream,com.github.luben.zstd,zstd-jni-1.3.2-2/src/main/java/com/github/luben/zstd/ZstdDirectBufferDecompressingStream.java,,zstd-jni,zstd-jni-1.3.2-2,10/19/2017
99,AP99,ExcessiveInterLanguageCommunication,,compressFastDict,Zstd,com.github.luben.zstd,zstd-jni-1.3.2-2/src/main/java/com/github/luben/zstd/Zstd.java,,zstd-jni,zstd-jni-1.3.2-2,10/19/2017
100,AP100,ExcessiveInterLanguageCommunication,,freeCStream,ZstdDirectBufferCompressingStream,com.github.luben.zstd,zstd-jni-1.3.2-2/src/main/java/com/github/luben/zstd/ZstdDirectBufferCompressingStream.java,,zstd-jni,zstd-jni-1.3.2-2,10/19/2017
101,AP101,ExcessiveInterLanguageCommunication,,getErrorName,Zstd,com.github.luben.zstd,zstd-jni-1.3.2-2/src/main/java/com/github/luben/zstd/Zstd.java,,zstd-jni,zstd-jni-1.3.2-2,10/19/2017
102,AP102,ExcessiveInterLanguageCommunication,,decompressedDirectByteBufferSize,Zstd,com.github.luben.zstd,zstd-jni-1.3.2-2/src/main/java/com/github/luben/zstd/Zstd.java,,zstd-jni,zstd-jni-1.3.2-2,10/19/2017
103,AP103,ExcessiveInterLanguageCommunication,,compressDirectByteBufferFastDict,Zstd,com.github.luben.zstd,zstd-jni-1.3.2-2/src/main/java/com/github/luben/zstd/Zstd.java,,zstd-jni,zstd-jni-1.3.2-2,10/19/2017
104,AP104,ExcessiveInterLanguageCommunication,,compressUsingDict,Zstd,com.github.luben.zstd,zstd-jni-1.3.2-2/src/main/java/com/github/luben/zstd/Zstd.java,,zstd-jni,zstd-jni-1.3.2-2,10/19/2017
105,AP105,ExcessiveInterLanguageCommunication,,compressStream,ZstdOutputStream,com.github.luben.zstd,zstd-jni-1.3.2-2/src/main/java/com/github/luben/zstd/ZstdOutputStream.java,,zstd-jni,zstd-jni-1.3.2-2,10/19/2017
106,AP106,ExcessiveInterLanguageCommunication,,compressDirectByteBufferUsingDict,Zstd,com.github.luben.zstd,zstd-jni-1.3.2-2/src/main/java/com/github/luben/zstd/Zstd.java,,zstd-jni,zstd-jni-1.3.2-2,10/19/2017
107,AP107,ExcessiveInterLanguageCommunication,,decompressStream,ZstdInputStream,com.github.luben.zstd,zstd-jni-1.3.2-2/src/main/java/com/github/luben/zstd/ZstdInputStream.java,,zstd-jni,zstd-jni-1.3.2-2,10/19/2017
108,AP108,ExcessiveInterLanguageCommunication,,endStream,ZstdDirectBufferCompressingStream,com.github.luben.zstd,zstd-jni-1.3.2-2/src/main/java/com/github/luben/zstd/ZstdDirectBufferCompressingStream.java,,zstd-jni,zstd-jni-1.3.2-2,10/19/2017
109,AP109,ExcessiveInterLanguageCommunication,,endStream,ZstdOutputStream,com.github.luben.zstd,zstd-jni-1.3.2-2/src/main/java/com/github/luben/zstd/ZstdOutputStream.java,,zstd-jni,zstd-jni-1.3.2-2,10/19/2017
110,AP110,ExcessiveInterLanguageCommunication,,flushStream,ZstdOutputStream,com.github.luben.zstd,zstd-jni-1.3.2-2/src/main/java/com/github/luben/zstd/ZstdOutputStream.java,,zstd-jni,zstd-jni-1.3.2-2,10/19/2017
111,AP111,ExcessiveInterLanguageCommunication,,compressDirectByteBuffer,ZstdDirectBufferCompressingStream,com.github.luben.zstd,zstd-jni-1.3.2-2/src/main/java/com/github/luben/zstd/ZstdDirectBufferCompressingStream.java,,zstd-jni,zstd-jni-1.3.2-2,10/19/2017
112,AP112,ExcessiveInterLanguageCommunication,,freeCStream,ZstdOutputStream,com.github.luben.zstd,zstd-jni-1.3.2-2/src/main/java/com/github/luben/zstd/ZstdOutputStream.java,,zstd-jni,zstd-jni-1.3.2-2,10/19/2017
113,AP113,ExcessiveInterLanguageCommunication,,compress,Zstd,com.github.luben.zstd,zstd-jni-1.3.2-2/src/main/java/com/github/luben/zstd/Zstd.java,,zstd-jni,zstd-jni-1.3.2-2,10/19/2017
114,AP114,ExcessiveInterLanguageCommunication,,decompressDirectByteBufferUsingDict,Zstd,com.github.luben.zstd,zstd-jni-1.3.2-2/src/main/java/com/github/luben/zstd/Zstd.java,,zstd-jni,zstd-jni-1.3.2-2,10/19/2017
115,AP115,TooMuchClustering,,,ZstdOutputStream,com.github.luben.zstd,zstd-jni-1.3.2-2/src/main/java/com/github/luben/zstd/ZstdOutputStream.java,,zstd-jni,zstd-jni-1.3.2-2,10/19/2017
116,AP116,TooMuchClustering,,,Zstd,com.github.luben.zstd,zstd-jni-1.3.2-2/src/main/java/com/github/luben/zstd/Zstd.java,,zstd-jni,zstd-jni-1.3.2-2,10/19/2017
117,AP117,TooMuchClustering,,,ZstdDirectBufferCompressingStream,com.github.luben.zstd,zstd-jni-1.3.2-2/src/main/java/com/github/luben/zstd/ZstdDirectBufferCompressingStream.java,,zstd-jni,zstd-jni-1.3.2-2,10/19/2017
118,AP118,TooMuchScattering,,,ZstdDictDecompress,com.github.luben.zstd,zstd-jni-1.3.2-2/src/main/java/com/github/luben/zstd/ZstdDictDecompress.java,,zstd-jni,zstd-jni-1.3.2-2,10/19/2017
119,AP119,TooMuchScattering,,,ZstdDirectBufferDecompressingStream,com.github.luben.zstd,zstd-jni-1.3.2-2/src/main/java/com/github/luben/zstd/ZstdDirectBufferDecompressingStream.java,,zstd-jni,zstd-jni-1.3.2-2,10/19/2017
120,AP120,TooMuchScattering,,,ZstdDictCompress,com.github.luben.zstd,zstd-jni-1.3.2-2/src/main/java/com/github/luben/zstd/ZstdDictCompress.java,,zstd-jni,zstd-jni-1.3.2-2,10/19/2017
