Id-Table,ID,Name,Variable,Method,Class,Package,File,File Name,System,Version,Release
1,CS1,MemoryManagementMismatch,ShortArrayElements,JNI_getShortArrayElements,,,pljava-1_3_0/src/C/pljava/JNICalls.c,JNICalls.c,pljava,pljava-1_3_0,6/18/2006
2,CS2,MemoryManagementMismatch,DoubleArrayElements,JNI_getDoubleArrayElements,,,pljava-1_3_0/src/C/pljava/JNICalls.c,JNICalls.c,pljava,pljava-1_3_0,6/18/2006
3,CS3,MemoryManagementMismatch,StringUTFChars,JNI_getStringUTFChars,,,pljava-1_3_0/src/C/pljava/JNICalls.c,JNICalls.c,pljava,pljava-1_3_0,6/18/2006
4,CS4,MemoryManagementMismatch,BooleanArrayElements,JNI_getBooleanArrayElements,,,pljava-1_3_0/src/C/pljava/JNICalls.c,JNICalls.c,pljava,pljava-1_3_0,6/18/2006
5,CS5,MemoryManagementMismatch,FloatArrayElements,JNI_getFloatArrayElements,,,pljava-1_3_0/src/C/pljava/JNICalls.c,JNICalls.c,pljava,pljava-1_3_0,6/18/2006
6,CS6,MemoryManagementMismatch,ByteArrayElements,JNI_getByteArrayElements,,,pljava-1_3_0/src/C/pljava/JNICalls.c,JNICalls.c,pljava,pljava-1_3_0,6/18/2006
7,CS7,MemoryManagementMismatch,IntArrayElements,JNI_getIntArrayElements,,,pljava-1_3_0/src/C/pljava/JNICalls.c,JNICalls.c,pljava,pljava-1_3_0,6/18/2006
8,CS8,MemoryManagementMismatch,LongArrayElements,JNI_getLongArrayElements,,,pljava-1_3_0/src/C/pljava/JNICalls.c,JNICalls.c,pljava,pljava-1_3_0,6/18/2006
9,CS9,NotHandlingExceptions,className,JNI_findClass,,,pljava-1_3_0/src/C/pljava/JNICalls.c,JNICalls.c,pljava,pljava-1_3_0,6/18/2006
10,CS10,NotHandlingExceptions,name,JNI_getMethodID,,,pljava-1_3_0/src/C/pljava/JNICalls.c,JNICalls.c,pljava,pljava-1_3_0,6/18/2006
11,CS11,NotHandlingExceptions,name,JNI_getStaticMethodIDOrNull,,,pljava-1_3_0/src/C/pljava/JNICalls.c,JNICalls.c,pljava,pljava-1_3_0,6/18/2006
12,CS12,NotHandlingExceptions,name,JNI_getFieldID,,,pljava-1_3_0/src/C/pljava/JNICalls.c,JNICalls.c,pljava,pljava-1_3_0,6/18/2006
13,CS13,NotHandlingExceptions,name,JNI_getStaticMethodID,,,pljava-1_3_0/src/C/pljava/JNICalls.c,JNICalls.c,pljava,pljava-1_3_0,6/18/2006
14,CS14,NotHandlingExceptions,name,JNI_getStaticFieldID,,,pljava-1_3_0/src/C/pljava/JNICalls.c,JNICalls.c,pljava,pljava-1_3_0,6/18/2006
15,CS15,UnusedDeclaration,,_isFiredByInsert,TriggerData,org.postgresql.pljava.internal,pljava-1_3_0/src/java/pljava/org/postgresql/pljava/internal/TriggerData.java,TriggerData.java,pljava,pljava-1_3_0,6/18/2006
16,CS16,UnusedDeclaration,,_getInternalPos,ErrorData,org.postgresql.pljava.internal,pljava-1_3_0/src/java/pljava/org/postgresql/pljava/internal/ErrorData.java,ErrorData.java,pljava,pljava-1_3_0,6/18/2006
17,CS17,UnusedDeclaration,,_formTuple,TupleDesc,org.postgresql.pljava.internal,pljava-1_3_0/src/java/pljava/org/postgresql/pljava/internal/TupleDesc.java,TupleDesc.java,pljava,pljava-1_3_0,6/18/2006
18,CS18,UnusedDeclaration,,_free,TupleDesc,org.postgresql.pljava.internal,pljava-1_3_0/src/java/pljava/org/postgresql/pljava/internal/TupleDesc.java,TupleDesc.java,pljava,pljava-1_3_0,6/18/2006
19,CS19,UnusedDeclaration,,_isFiredAfter,TriggerData,org.postgresql.pljava.internal,pljava-1_3_0/src/java/pljava/org/postgresql/pljava/internal/TriggerData.java,TriggerData.java,pljava,pljava-1_3_0,6/18/2006
20,CS20,UnusedDeclaration,,_getFuncname,ErrorData,org.postgresql.pljava.internal,pljava-1_3_0/src/java/pljava/org/postgresql/pljava/internal/ErrorData.java,ErrorData.java,pljava,pljava-1_3_0,6/18/2006
21,CS21,UnusedDeclaration,,_isFiredByDelete,TriggerData,org.postgresql.pljava.internal,pljava-1_3_0/src/java/pljava/org/postgresql/pljava/internal/TriggerData.java,TriggerData.java,pljava,pljava-1_3_0,6/18/2006
22,CS22,UnusedDeclaration,,_getRelation,TriggerData,org.postgresql.pljava.internal,pljava-1_3_0/src/java/pljava/org/postgresql/pljava/internal/TriggerData.java,TriggerData.java,pljava,pljava-1_3_0,6/18/2006
23,CS23,UnusedDeclaration,,_getNestingLevel,Invocation,org.postgresql.pljava.jdbc,pljava-1_3_0/src/java/pljava/org/postgresql/pljava/jdbc/Invocation.java,Invocation.java,pljava,pljava-1_3_0,6/18/2006
24,CS24,UnusedDeclaration,,_getSessionUser,AclId,org.postgresql.pljava.internal,pljava-1_3_0/src/java/pljava/org/postgresql/pljava/internal/AclId.java,AclId.java,pljava,pljava-1_3_0,6/18/2006
25,CS25,UnusedDeclaration,,_exec,SPI,org.postgresql.pljava.internal,pljava-1_3_0/src/java/pljava/org/postgresql/pljava/internal/SPI.java,SPI.java,pljava,pljava-1_3_0,6/18/2006
26,CS26,UnusedDeclaration,,_fetch,Portal,org.postgresql.pljava.internal,pljava-1_3_0/src/java/pljava/org/postgresql/pljava/internal/Portal.java,Portal.java,pljava,pljava-1_3_0,6/18/2006
27,CS27,UnusedDeclaration,,_fromName,AclId,org.postgresql.pljava.internal,pljava-1_3_0/src/java/pljava/org/postgresql/pljava/internal/AclId.java,AclId.java,pljava,pljava-1_3_0,6/18/2006
28,CS28,UnusedDeclaration,,_getOid,TupleDesc,org.postgresql.pljava.internal,pljava-1_3_0/src/java/pljava/org/postgresql/pljava/internal/TupleDesc.java,TupleDesc.java,pljava,pljava-1_3_0,6/18/2006
29,CS29,UnusedDeclaration,,_isShowFuncname,ErrorData,org.postgresql.pljava.internal,pljava-1_3_0/src/java/pljava/org/postgresql/pljava/internal/ErrorData.java,ErrorData.java,pljava,pljava-1_3_0,6/18/2006
30,CS30,UnusedDeclaration,,_getResult,SPI,org.postgresql.pljava.internal,pljava-1_3_0/src/java/pljava/org/postgresql/pljava/internal/SPI.java,SPI.java,pljava,pljava-1_3_0,6/18/2006
31,CS31,UnusedDeclaration,,_cursorOpen,ExecutionPlan,org.postgresql.pljava.internal,pljava-1_3_0/src/java/pljava/org/postgresql/pljava/internal/ExecutionPlan.java,ExecutionPlan.java,pljava,pljava-1_3_0,6/18/2006
32,CS32,UnusedDeclaration,,_release,PgSavepoint,org.postgresql.pljava.internal,pljava-1_3_0/src/java/pljava/org/postgresql/pljava/internal/PgSavepoint.java,PgSavepoint.java,pljava,pljava-1_3_0,6/18/2006
33,CS33,UnusedDeclaration,,_getUser,AclId,org.postgresql.pljava.internal,pljava-1_3_0/src/java/pljava/org/postgresql/pljava/internal/AclId.java,AclId.java,pljava,pljava-1_3_0,6/18/2006
34,CS34,UnusedDeclaration,,_readByte,SQLInputFromChunk,org.postgresql.pljava.jdbc,pljava-1_3_0/src/java/pljava/org/postgresql/pljava/jdbc/SQLInputFromChunk.java,SQLInputFromChunk.java,pljava,pljava-1_3_0,6/18/2006
35,CS35,UnusedDeclaration,,_clearFunctionCache,Backend,org.postgresql.pljava.internal,pljava-1_3_0/src/java/pljava/org/postgresql/pljava/internal/Backend.java,Backend.java,pljava,pljava-1_3_0,6/18/2006
36,CS36,UnusedDeclaration,,_hasSchemaCreatePermission,AclId,org.postgresql.pljava.internal,pljava-1_3_0/src/java/pljava/org/postgresql/pljava/internal/AclId.java,AclId.java,pljava,pljava-1_3_0,6/18/2006
37,CS37,UnusedDeclaration,,_writeByte,SQLOutputToChunk,org.postgresql.pljava.jdbc,pljava-1_3_0/src/java/pljava/org/postgresql/pljava/jdbc/SQLOutputToChunk.java,SQLOutputToChunk.java,pljava,pljava-1_3_0,6/18/2006
38,CS38,UnusedDeclaration,,_getSavedErrno,ErrorData,org.postgresql.pljava.internal,pljava-1_3_0/src/java/pljava/org/postgresql/pljava/internal/ErrorData.java,ErrorData.java,pljava,pljava-1_3_0,6/18/2006
39,CS39,UnusedDeclaration,,_read,LargeObject,org.postgresql.pljava.internal,pljava-1_3_0/src/java/pljava/org/postgresql/pljava/internal/LargeObject.java,LargeObject.java,pljava,pljava-1_3_0,6/18/2006
40,CS40,UnusedDeclaration,,_modifyTuple,Relation,org.postgresql.pljava.internal,pljava-1_3_0/src/java/pljava/org/postgresql/pljava/internal/Relation.java,Relation.java,pljava,pljava-1_3_0,6/18/2006
41,CS41,UnusedDeclaration,,_open,LargeObject,org.postgresql.pljava.internal,pljava-1_3_0/src/java/pljava/org/postgresql/pljava/internal/LargeObject.java,LargeObject.java,pljava,pljava-1_3_0,6/18/2006
42,CS42,UnusedDeclaration,,_isSuperuser,AclId,org.postgresql.pljava.internal,pljava-1_3_0/src/java/pljava/org/postgresql/pljava/internal/AclId.java,AclId.java,pljava,pljava-1_3_0,6/18/2006
43,CS43,UnusedDeclaration,,_getColumnName,TupleDesc,org.postgresql.pljava.internal,pljava-1_3_0/src/java/pljava/org/postgresql/pljava/internal/TupleDesc.java,TupleDesc.java,pljava,pljava-1_3_0,6/18/2006
44,CS44,UnusedDeclaration,,_isAtEnd,Portal,org.postgresql.pljava.internal,pljava-1_3_0/src/java/pljava/org/postgresql/pljava/internal/Portal.java,Portal.java,pljava,pljava-1_3_0,6/18/2006
45,CS45,UnusedDeclaration,,_isFiredByUpdate,TriggerData,org.postgresql.pljava.internal,pljava-1_3_0/src/java/pljava/org/postgresql/pljava/internal/TriggerData.java,TriggerData.java,pljava,pljava-1_3_0,6/18/2006
46,CS46,UnusedDeclaration,,_length,LargeObject,org.postgresql.pljava.internal,pljava-1_3_0/src/java/pljava/org/postgresql/pljava/internal/LargeObject.java,LargeObject.java,pljava,pljava-1_3_0,6/18/2006
47,CS47,UnusedDeclaration,,_set,PgSavepoint,org.postgresql.pljava.internal,pljava-1_3_0/src/java/pljava/org/postgresql/pljava/internal/PgSavepoint.java,PgSavepoint.java,pljava,pljava-1_3_0,6/18/2006
48,CS48,UnusedDeclaration,,_getTupleDesc,Relation,org.postgresql.pljava.internal,pljava-1_3_0/src/java/pljava/org/postgresql/pljava/internal/Relation.java,Relation.java,pljava,pljava-1_3_0,6/18/2006
49,CS49,UnusedDeclaration,,_unregister,XactListener,org.postgresql.pljava.internal,pljava-1_3_0/src/java/pljava/org/postgresql/pljava/internal/XactListener.java,XactListener.java,pljava,pljava-1_3_0,6/18/2006
50,CS50,UnusedDeclaration,,_drop,LargeObject,org.postgresql.pljava.internal,pljava-1_3_0/src/java/pljava/org/postgresql/pljava/internal/LargeObject.java,LargeObject.java,pljava,pljava-1_3_0,6/18/2006
51,CS51,UnusedDeclaration,,_forSqlType,Oid,org.postgresql.pljava.internal,pljava-1_3_0/src/java/pljava/org/postgresql/pljava/internal/Oid.java,Oid.java,pljava,pljava-1_3_0,6/18/2006
52,CS52,UnusedDeclaration,,_freeTupTable,SPI,org.postgresql.pljava.internal,pljava-1_3_0/src/java/pljava/org/postgresql/pljava/internal/SPI.java,SPI.java,pljava,pljava-1_3_0,6/18/2006
53,CS53,UnusedDeclaration,,_getSqlState,ErrorData,org.postgresql.pljava.internal,pljava-1_3_0/src/java/pljava/org/postgresql/pljava/internal/ErrorData.java,ErrorData.java,pljava,pljava-1_3_0,6/18/2006
54,CS54,UnusedDeclaration,,_getCurrent,Invocation,org.postgresql.pljava.jdbc,pljava-1_3_0/src/java/pljava/org/postgresql/pljava/jdbc/Invocation.java,Invocation.java,pljava,pljava-1_3_0,6/18/2006
55,CS55,UnusedDeclaration,,_register,XactListener,org.postgresql.pljava.internal,pljava-1_3_0/src/java/pljava/org/postgresql/pljava/internal/XactListener.java,XactListener.java,pljava,pljava-1_3_0,6/18/2006
56,CS56,UnusedDeclaration,,_prepare,ExecutionPlan,org.postgresql.pljava.internal,pljava-1_3_0/src/java/pljava/org/postgresql/pljava/internal/ExecutionPlan.java,ExecutionPlan.java,pljava,pljava-1_3_0,6/18/2006
57,CS57,UnusedDeclaration,,_getId,PgSavepoint,org.postgresql.pljava.internal,pljava-1_3_0/src/java/pljava/org/postgresql/pljava/internal/PgSavepoint.java,PgSavepoint.java,pljava,pljava-1_3_0,6/18/2006
58,CS58,UnusedDeclaration,,_getProcessed,SPI,org.postgresql.pljava.internal,pljava-1_3_0/src/java/pljava/org/postgresql/pljava/internal/SPI.java,SPI.java,pljava,pljava-1_3_0,6/18/2006
59,CS59,UnusedDeclaration,,_getDetail,ErrorData,org.postgresql.pljava.internal,pljava-1_3_0/src/java/pljava/org/postgresql/pljava/internal/ErrorData.java,ErrorData.java,pljava,pljava-1_3_0,6/18/2006
60,CS60,UnusedDeclaration,,_isFiredForStatement,TriggerData,org.postgresql.pljava.internal,pljava-1_3_0/src/java/pljava/org/postgresql/pljava/internal/TriggerData.java,TriggerData.java,pljava,pljava-1_3_0,6/18/2006
61,CS61,UnusedDeclaration,,_getStatementCacheSize,Backend,org.postgresql.pljava.internal,pljava-1_3_0/src/java/pljava/org/postgresql/pljava/internal/Backend.java,Backend.java,pljava,pljava-1_3_0,6/18/2006
62,CS62,UnusedDeclaration,,_getTupTable,SPI,org.postgresql.pljava.internal,pljava-1_3_0/src/java/pljava/org/postgresql/pljava/internal/SPI.java,SPI.java,pljava,pljava-1_3_0,6/18/2006
63,CS63,UnusedDeclaration,,_seek,LargeObject,org.postgresql.pljava.internal,pljava-1_3_0/src/java/pljava/org/postgresql/pljava/internal/LargeObject.java,LargeObject.java,pljava,pljava-1_3_0,6/18/2006
64,CS64,UnusedDeclaration,,_getJavaClassName,Oid,org.postgresql.pljava.internal,pljava-1_3_0/src/java/pljava/org/postgresql/pljava/internal/Oid.java,Oid.java,pljava,pljava-1_3_0,6/18/2006
65,CS65,UnusedDeclaration,,_isOutputToServer,ErrorData,org.postgresql.pljava.internal,pljava-1_3_0/src/java/pljava/org/postgresql/pljava/internal/ErrorData.java,ErrorData.java,pljava,pljava-1_3_0,6/18/2006
66,CS66,UnusedDeclaration,,_isFiredForEachRow,TriggerData,org.postgresql.pljava.internal,pljava-1_3_0/src/java/pljava/org/postgresql/pljava/internal/TriggerData.java,TriggerData.java,pljava,pljava-1_3_0,6/18/2006
67,CS67,UnusedDeclaration,,_isOutputToClient,ErrorData,org.postgresql.pljava.internal,pljava-1_3_0/src/java/pljava/org/postgresql/pljava/internal/ErrorData.java,ErrorData.java,pljava,pljava-1_3_0,6/18/2006
68,CS68,UnusedDeclaration,,_getContextMessage,ErrorData,org.postgresql.pljava.internal,pljava-1_3_0/src/java/pljava/org/postgresql/pljava/internal/ErrorData.java,ErrorData.java,pljava,pljava-1_3_0,6/18/2006
69,CS69,UnusedDeclaration,,_getInternalQuery,ErrorData,org.postgresql.pljava.internal,pljava-1_3_0/src/java/pljava/org/postgresql/pljava/internal/ErrorData.java,ErrorData.java,pljava,pljava-1_3_0,6/18/2006
70,CS70,UnusedDeclaration,,_getPortalPos,Portal,org.postgresql.pljava.internal,pljava-1_3_0/src/java/pljava/org/postgresql/pljava/internal/Portal.java,Portal.java,pljava,pljava-1_3_0,6/18/2006
71,CS71,UnusedDeclaration,,_create,LargeObject,org.postgresql.pljava.internal,pljava-1_3_0/src/java/pljava/org/postgresql/pljava/internal/LargeObject.java,LargeObject.java,pljava,pljava-1_3_0,6/18/2006
72,CS72,UnusedDeclaration,,_log,Backend,org.postgresql.pljava.internal,pljava-1_3_0/src/java/pljava/org/postgresql/pljava/internal/Backend.java,Backend.java,pljava,pljava-1_3_0,6/18/2006
73,CS73,UnusedDeclaration,,_close,Portal,org.postgresql.pljava.internal,pljava-1_3_0/src/java/pljava/org/postgresql/pljava/internal/Portal.java,Portal.java,pljava,pljava-1_3_0,6/18/2006
74,CS74,UnusedDeclaration,,_move,Portal,org.postgresql.pljava.internal,pljava-1_3_0/src/java/pljava/org/postgresql/pljava/internal/Portal.java,Portal.java,pljava,pljava-1_3_0,6/18/2006
75,CS75,UnusedDeclaration,,_getObject,Tuple,org.postgresql.pljava.internal,pljava-1_3_0/src/java/pljava/org/postgresql/pljava/internal/Tuple.java,Tuple.java,pljava,pljava-1_3_0,6/18/2006
76,CS76,UnusedDeclaration,,_getLineno,ErrorData,org.postgresql.pljava.internal,pljava-1_3_0/src/java/pljava/org/postgresql/pljava/internal/ErrorData.java,ErrorData.java,pljava,pljava-1_3_0,6/18/2006
77,CS77,UnusedDeclaration,,_getNewTuple,TriggerData,org.postgresql.pljava.internal,pljava-1_3_0/src/java/pljava/org/postgresql/pljava/internal/TriggerData.java,TriggerData.java,pljava,pljava-1_3_0,6/18/2006
78,CS78,UnusedDeclaration,,_getConfigOption,Backend,org.postgresql.pljava.internal,pljava-1_3_0/src/java/pljava/org/postgresql/pljava/internal/Backend.java,Backend.java,pljava,pljava-1_3_0,6/18/2006
79,CS79,UnusedDeclaration,,_setUser,Session,org.postgresql.pljava.internal,pljava-1_3_0/src/java/pljava/org/postgresql/pljava/internal/Session.java,Session.java,pljava,pljava-1_3_0,6/18/2006
80,CS80,UnusedDeclaration,,_writeBytes,SQLOutputToChunk,org.postgresql.pljava.jdbc,pljava-1_3_0/src/java/pljava/org/postgresql/pljava/jdbc/SQLOutputToChunk.java,SQLOutputToChunk.java,pljava,pljava-1_3_0,6/18/2006
81,CS81,UnusedDeclaration,,_execute,ExecutionPlan,org.postgresql.pljava.internal,pljava-1_3_0/src/java/pljava/org/postgresql/pljava/internal/ExecutionPlan.java,ExecutionPlan.java,pljava,pljava-1_3_0,6/18/2006
82,CS82,UnusedDeclaration,,_getName,TriggerData,org.postgresql.pljava.internal,pljava-1_3_0/src/java/pljava/org/postgresql/pljava/internal/TriggerData.java,TriggerData.java,pljava,pljava-1_3_0,6/18/2006
83,CS83,UnusedDeclaration,,_readBytes,SQLInputFromChunk,org.postgresql.pljava.jdbc,pljava-1_3_0/src/java/pljava/org/postgresql/pljava/jdbc/SQLInputFromChunk.java,SQLInputFromChunk.java,pljava,pljava-1_3_0,6/18/2006
84,CS84,UnusedDeclaration,,_isPosOverflow,Portal,org.postgresql.pljava.internal,pljava-1_3_0/src/java/pljava/org/postgresql/pljava/internal/Portal.java,Portal.java,pljava,pljava-1_3_0,6/18/2006
85,CS85,UnusedDeclaration,,_invalidate,ExecutionPlan,org.postgresql.pljava.internal,pljava-1_3_0/src/java/pljava/org/postgresql/pljava/internal/ExecutionPlan.java,ExecutionPlan.java,pljava,pljava-1_3_0,6/18/2006
86,CS86,UnusedDeclaration,,_getCursorPos,ErrorData,org.postgresql.pljava.internal,pljava-1_3_0/src/java/pljava/org/postgresql/pljava/internal/ErrorData.java,ErrorData.java,pljava,pljava-1_3_0,6/18/2006
87,CS87,UnusedDeclaration,,_isAtStart,Portal,org.postgresql.pljava.internal,pljava-1_3_0/src/java/pljava/org/postgresql/pljava/internal/Portal.java,Portal.java,pljava,pljava-1_3_0,6/18/2006
88,CS88,UnusedDeclaration,,_rollback,PgSavepoint,org.postgresql.pljava.internal,pljava-1_3_0/src/java/pljava/org/postgresql/pljava/internal/PgSavepoint.java,PgSavepoint.java,pljava,pljava-1_3_0,6/18/2006
89,CS89,UnusedDeclaration,,_getMessage,ErrorData,org.postgresql.pljava.internal,pljava-1_3_0/src/java/pljava/org/postgresql/pljava/internal/ErrorData.java,ErrorData.java,pljava,pljava-1_3_0,6/18/2006
90,CS90,UnusedDeclaration,,_clearErrorCondition,Invocation,org.postgresql.pljava.jdbc,pljava-1_3_0/src/java/pljava/org/postgresql/pljava/jdbc/Invocation.java,Invocation.java,pljava,pljava-1_3_0,6/18/2006
91,CS91,UnusedDeclaration,,_forTypeName,Oid,org.postgresql.pljava.internal,pljava-1_3_0/src/java/pljava/org/postgresql/pljava/internal/Oid.java,Oid.java,pljava,pljava-1_3_0,6/18/2006
92,CS92,UnusedDeclaration,,_getColumnIndex,TupleDesc,org.postgresql.pljava.internal,pljava-1_3_0/src/java/pljava/org/postgresql/pljava/internal/TupleDesc.java,TupleDesc.java,pljava,pljava-1_3_0,6/18/2006
93,CS93,UnusedDeclaration,,_getHint,ErrorData,org.postgresql.pljava.internal,pljava-1_3_0/src/java/pljava/org/postgresql/pljava/internal/ErrorData.java,ErrorData.java,pljava,pljava-1_3_0,6/18/2006
94,CS94,UnusedDeclaration,,_getArguments,TriggerData,org.postgresql.pljava.internal,pljava-1_3_0/src/java/pljava/org/postgresql/pljava/internal/TriggerData.java,TriggerData.java,pljava,pljava-1_3_0,6/18/2006
95,CS95,UnusedDeclaration,,_getTypeId,Oid,org.postgresql.pljava.internal,pljava-1_3_0/src/java/pljava/org/postgresql/pljava/internal/Oid.java,Oid.java,pljava,pljava-1_3_0,6/18/2006
96,CS96,UnusedDeclaration,,_getErrorLevel,ErrorData,org.postgresql.pljava.internal,pljava-1_3_0/src/java/pljava/org/postgresql/pljava/internal/ErrorData.java,ErrorData.java,pljava,pljava-1_3_0,6/18/2006
97,CS97,UnusedDeclaration,,_getFilename,ErrorData,org.postgresql.pljava.internal,pljava-1_3_0/src/java/pljava/org/postgresql/pljava/internal/ErrorData.java,ErrorData.java,pljava,pljava-1_3_0,6/18/2006
98,CS98,UnusedDeclaration,,_tell,LargeObject,org.postgresql.pljava.internal,pljava-1_3_0/src/java/pljava/org/postgresql/pljava/internal/LargeObject.java,LargeObject.java,pljava,pljava-1_3_0,6/18/2006
99,CS99,UnusedDeclaration,,_isFiredBefore,TriggerData,org.postgresql.pljava.internal,pljava-1_3_0/src/java/pljava/org/postgresql/pljava/internal/TriggerData.java,TriggerData.java,pljava,pljava-1_3_0,6/18/2006
100,CS100,UnusedDeclaration,,_write,LargeObject,org.postgresql.pljava.internal,pljava-1_3_0/src/java/pljava/org/postgresql/pljava/internal/LargeObject.java,LargeObject.java,pljava,pljava-1_3_0,6/18/2006
101,CS101,UnusedDeclaration,,_getTriggerTuple,TriggerData,org.postgresql.pljava.internal,pljava-1_3_0/src/java/pljava/org/postgresql/pljava/internal/TriggerData.java,TriggerData.java,pljava,pljava-1_3_0,6/18/2006
102,CS102,UnusedDeclaration,,_isCursorPlan,ExecutionPlan,org.postgresql.pljava.internal,pljava-1_3_0/src/java/pljava/org/postgresql/pljava/internal/ExecutionPlan.java,ExecutionPlan.java,pljava,pljava-1_3_0,6/18/2006
103,CS103,UnusedDeclaration,,_getSchema,Relation,org.postgresql.pljava.internal,pljava-1_3_0/src/java/pljava/org/postgresql/pljava/internal/Relation.java,Relation.java,pljava,pljava-1_3_0,6/18/2006
104,CS104,UnusedImplementation,,isCallingJava,Backend,org.postgresql.pljava.internal,pljava-1_3_0/src/java/pljava/org/postgresql/pljava/internal/Backend.java,Backend.java,pljava,pljava-1_3_0,6/18/2006
105,CS105,UnusedParameters,sql,prepareStatement,SPIConnection,org.postgresql.pljava.jdbc,pljava-1_3_0/src/java/pljava/org/postgresql/pljava/jdbc/SPIConnection.java,SPIConnection.java,pljava,pljava-1_3_0,6/18/2006
106,CS106,UnusedParameters,x,updateObject,ReadOnlyResultSet,org.postgresql.pljava.jdbc,pljava-1_3_0/src/java/pljava/org/postgresql/pljava/jdbc/ReadOnlyResultSet.java,ReadOnlyResultSet.java,pljava,pljava-1_3_0,6/18/2006
107,CS107,UnusedParameters,url,getPropertyInfo,SPIDriver,org.postgresql.pljava.jdbc,pljava-1_3_0/src/java/pljava/org/postgresql/pljava/jdbc/SPIDriver.java,SPIDriver.java,pljava,pljava-1_3_0,6/18/2006
108,CS108,UnusedParameters,dims,visitMultiANewArrayInsn,DefaultMethodVisitor,org.postgresql.pljava.sqlgen,pljava-1_3_0/src/java5/pljava/org/postgresql/pljava/sqlgen/DefaultMethodVisitor.java,DefaultMethodVisitor.java,pljava,pljava-1_3_0,6/18/2006
109,CS109,UnusedParameters,version,visit,PLJavaClassVisitor,org.postgresql.pljava.sqlgen,pljava-1_3_0/src/java5/pljava/org/postgresql/pljava/sqlgen/PLJavaClassVisitor.java,PLJavaClassVisitor.java,pljava,pljava-1_3_0,6/18/2006
110,CS110,UnusedParameters,context,checkPermission,Backend,org.postgresql.pljava.internal,pljava-1_3_0/src/java/pljava/org/postgresql/pljava/internal/Backend.java,Backend.java,pljava,pljava-1_3_0,6/18/2006
111,CS111,UnusedParameters,tableNamePattern,getSuperTables,SPIDatabaseMetaData,org.postgresql.pljava.jdbc,pljava-1_3_0/src/java/pljava/org/postgresql/pljava/jdbc/SPIDatabaseMetaData.java,SPIDatabaseMetaData.java,pljava,pljava-1_3_0,6/18/2006
112,CS112,UnusedParameters,pos,setCharacterStream,ClobValue,org.postgresql.pljava.jdbc,pljava-1_3_0/src/java/pljava/org/postgresql/pljava/jdbc/ClobValue.java,ClobValue.java,pljava,pljava-1_3_0,6/18/2006
113,CS113,UnusedParameters,desc,visitEnum,DefaultAnnotationVisitor,org.postgresql.pljava.sqlgen,pljava-1_3_0/src/java5/pljava/org/postgresql/pljava/sqlgen/DefaultAnnotationVisitor.java,DefaultAnnotationVisitor.java,pljava,pljava-1_3_0,6/18/2006
114,CS114,UnusedParameters,len,setBytes,BlobValue,org.postgresql.pljava.jdbc,pljava-1_3_0/src/java/pljava/org/postgresql/pljava/jdbc/BlobValue.java,BlobValue.java,pljava,pljava-1_3_0,6/18/2006
115,CS115,UnusedParameters,dflt,visitLookupSwitchInsn,DefaultMethodVisitor,org.postgresql.pljava.sqlgen,pljava-1_3_0/src/java5/pljava/org/postgresql/pljava/sqlgen/DefaultMethodVisitor.java,DefaultMethodVisitor.java,pljava,pljava-1_3_0,6/18/2006
116,CS116,UnusedParameters,useAltRepr,_Type_getJNIReturnSignature,,,pljava-1_3_0/src/C/pljava/type/Type.c,Type.c,pljava,pljava-1_3_0,6/18/2006
117,CS117,UnusedParameters,catalog,getTablePrivileges,SPIDatabaseMetaData,org.postgresql.pljava.jdbc,pljava-1_3_0/src/java/pljava/org/postgresql/pljava/jdbc/SPIDatabaseMetaData.java,SPIDatabaseMetaData.java,pljava,pljava-1_3_0,6/18/2006
118,CS118,UnusedParameters,access,visitField,DefaultClassVisitor,org.postgresql.pljava.sqlgen,pljava-1_3_0/src/java5/pljava/org/postgresql/pljava/sqlgen/DefaultClassVisitor.java,DefaultClassVisitor.java,pljava,pljava-1_3_0,6/18/2006
119,CS119,UnusedParameters,len,truncate,BlobValue,org.postgresql.pljava.jdbc,pljava-1_3_0/src/java/pljava/org/postgresql/pljava/jdbc/BlobValue.java,BlobValue.java,pljava,pljava-1_3_0,6/18/2006
120,CS120,UnusedParameters,visible,visitAnnotation,DefaultMethodVisitor,org.postgresql.pljava.sqlgen,pljava-1_3_0/src/java5/pljava/org/postgresql/pljava/sqlgen/DefaultMethodVisitor.java,DefaultMethodVisitor.java,pljava,pljava-1_3_0,6/18/2006
121,CS121,UnusedParameters,columnIndexes,execute,SPIStatement,org.postgresql.pljava.jdbc,pljava-1_3_0/src/java/pljava/org/postgresql/pljava/jdbc/SPIStatement.java,SPIStatement.java,pljava,pljava-1_3_0,6/18/2006
122,CS122,UnusedParameters,start,position,ClobValue,org.postgresql.pljava.jdbc,pljava-1_3_0/src/java/pljava/org/postgresql/pljava/jdbc/ClobValue.java,ClobValue.java,pljava,pljava-1_3_0,6/18/2006
123,CS123,UnusedParameters,arg0,isNullable,SPIParameterMetaData,org.postgresql.pljava.jdbc,pljava-1_3_0/src/java/pljava/org/postgresql/pljava/jdbc/SPIParameterMetaData.java,SPIParameterMetaData.java,pljava,pljava-1_3_0,6/18/2006
124,CS124,UnusedParameters,opcode,visitInsn,DefaultMethodVisitor,org.postgresql.pljava.sqlgen,pljava-1_3_0/src/java5/pljava/org/postgresql/pljava/sqlgen/DefaultMethodVisitor.java,DefaultMethodVisitor.java,pljava,pljava-1_3_0,6/18/2006
125,CS125,UnusedParameters,arg0,isSigned,SPIParameterMetaData,org.postgresql.pljava.jdbc,pljava-1_3_0/src/java/pljava/org/postgresql/pljava/jdbc/SPIParameterMetaData.java,SPIParameterMetaData.java,pljava,pljava-1_3_0,6/18/2006
126,CS126,UnusedParameters,columnIndex,setUnicodeStream,SPIPreparedStatement,org.postgresql.pljava.jdbc,pljava-1_3_0/src/java/pljava/org/postgresql/pljava/jdbc/SPIPreparedStatement.java,SPIPreparedStatement.java,pljava,pljava-1_3_0,6/18/2006
127,CS127,UnusedParameters,columnIndex,getBigDecimal,ObjectResultSet,org.postgresql.pljava.jdbc,pljava-1_3_0/src/java/pljava/org/postgresql/pljava/jdbc/ObjectResultSet.java,ObjectResultSet.java,pljava,pljava-1_3_0,6/18/2006
128,CS128,UnusedParameters,rowCollector,_Type_hasNextSRF,,,pljava-1_3_0/src/C/pljava/type/Type.c,Type.c,pljava,pljava-1_3_0,6/18/2006
129,CS129,UnusedParameters,name,visitField,PLJavaClassVisitor,org.postgresql.pljava.sqlgen,pljava-1_3_0/src/java5/pljava/org/postgresql/pljava/sqlgen/PLJavaClassVisitor.java,PLJavaClassVisitor.java,pljava,pljava-1_3_0,6/18/2006
130,CS130,UnusedParameters,name,visitField,DefaultClassVisitor,org.postgresql.pljava.sqlgen,pljava-1_3_0/src/java5/pljava/org/postgresql/pljava/sqlgen/DefaultClassVisitor.java,DefaultClassVisitor.java,pljava,pljava-1_3_0,6/18/2006
131,CS131,UnusedParameters,statement,execute,SPIPreparedStatement,org.postgresql.pljava.jdbc,pljava-1_3_0/src/java/pljava/org/postgresql/pljava/jdbc/SPIPreparedStatement.java,SPIPreparedStatement.java,pljava,pljava-1_3_0,6/18/2006
132,CS132,UnusedParameters,signature,forType,GenericType,org.postgresql.pljava.sqlgen,pljava-1_3_0/src/java5/pljava/org/postgresql/pljava/sqlgen/GenericType.java,GenericType.java,pljava,pljava-1_3_0,6/18/2006
133,CS133,UnusedParameters,interfaces,visit,PLJavaClassVisitor,org.postgresql.pljava.sqlgen,pljava-1_3_0/src/java5/pljava/org/postgresql/pljava/sqlgen/PLJavaClassVisitor.java,PLJavaClassVisitor.java,pljava,pljava-1_3_0,6/18/2006
134,CS134,UnusedParameters,value,writeArray,SQLOutputToChunk,org.postgresql.pljava.jdbc,pljava-1_3_0/src/java/pljava/org/postgresql/pljava/jdbc/SQLOutputToChunk.java,SQLOutputToChunk.java,pljava,pljava-1_3_0,6/18/2006
135,CS135,UnusedParameters,size,setMaxFieldSize,SPIStatement,org.postgresql.pljava.jdbc,pljava-1_3_0/src/java/pljava/org/postgresql/pljava/jdbc/SPIStatement.java,SPIStatement.java,pljava,pljava-1_3_0,6/18/2006
136,CS136,UnusedParameters,desc,visitField,DefaultClassVisitor,org.postgresql.pljava.sqlgen,pljava-1_3_0/src/java5/pljava/org/postgresql/pljava/sqlgen/DefaultClassVisitor.java,DefaultClassVisitor.java,pljava,pljava-1_3_0,6/18/2006
137,CS137,UnusedParameters,arg0,getScale,SPIParameterMetaData,org.postgresql.pljava.jdbc,pljava-1_3_0/src/java/pljava/org/postgresql/pljava/jdbc/SPIParameterMetaData.java,SPIParameterMetaData.java,pljava,pljava-1_3_0,6/18/2006
138,CS138,UnusedParameters,desc,visitField,PLJavaClassVisitor,org.postgresql.pljava.sqlgen,pljava-1_3_0/src/java5/pljava/org/postgresql/pljava/sqlgen/PLJavaClassVisitor.java,PLJavaClassVisitor.java,pljava,pljava-1_3_0,6/18/2006
139,CS139,UnusedParameters,interfaces,visit,DefaultClassVisitor,org.postgresql.pljava.sqlgen,pljava-1_3_0/src/java5/pljava/org/postgresql/pljava/sqlgen/DefaultClassVisitor.java,DefaultClassVisitor.java,pljava,pljava-1_3_0,6/18/2006
140,CS140,UnusedParameters,len,truncate,ClobValue,org.postgresql.pljava.jdbc,pljava-1_3_0/src/java/pljava/org/postgresql/pljava/jdbc/ClobValue.java,ClobValue.java,pljava,pljava-1_3_0,6/18/2006
141,CS141,UnusedParameters,attr,visitAttribute,DefaultMethodVisitor,org.postgresql.pljava.sqlgen,pljava-1_3_0/src/java5/pljava/org/postgresql/pljava/sqlgen/DefaultMethodVisitor.java,DefaultMethodVisitor.java,pljava,pljava-1_3_0,6/18/2006
142,CS142,UnusedParameters,type,insertsAreDetected,SPIDatabaseMetaData,org.postgresql.pljava.jdbc,pljava-1_3_0/src/java/pljava/org/postgresql/pljava/jdbc/SPIDatabaseMetaData.java,SPIDatabaseMetaData.java,pljava,pljava-1_3_0,6/18/2006
143,CS143,UnusedParameters,outerName,visitInnerClass,DefaultClassVisitor,org.postgresql.pljava.sqlgen,pljava-1_3_0/src/java5/pljava/org/postgresql/pljava/sqlgen/DefaultClassVisitor.java,DefaultClassVisitor.java,pljava,pljava-1_3_0,6/18/2006
144,CS144,UnusedParameters,signature,visitField,PLJavaClassVisitor,org.postgresql.pljava.sqlgen,pljava-1_3_0/src/java5/pljava/org/postgresql/pljava/sqlgen/PLJavaClassVisitor.java,PLJavaClassVisitor.java,pljava,pljava-1_3_0,6/18/2006
145,CS145,UnusedParameters,end,visitTryCatchBlock,DefaultMethodVisitor,org.postgresql.pljava.sqlgen,pljava-1_3_0/src/java5/pljava/org/postgresql/pljava/sqlgen/DefaultMethodVisitor.java,DefaultMethodVisitor.java,pljava,pljava-1_3_0,6/18/2006
146,CS146,UnusedParameters,name,visitEnum,DefaultAnnotationVisitor,org.postgresql.pljava.sqlgen,pljava-1_3_0/src/java5/pljava/org/postgresql/pljava/sqlgen/DefaultAnnotationVisitor.java,DefaultAnnotationVisitor.java,pljava,pljava-1_3_0,6/18/2006
147,CS147,UnusedParameters,resultSetHoldability,prepareCall,SPIConnection,org.postgresql.pljava.jdbc,pljava-1_3_0/src/java/pljava/org/postgresql/pljava/jdbc/SPIConnection.java,SPIConnection.java,pljava,pljava-1_3_0,6/18/2006
148,CS148,UnusedParameters,info,connect,SPIDriver,org.postgresql.pljava.jdbc,pljava-1_3_0/src/java/pljava/org/postgresql/pljava/jdbc/SPIDriver.java,SPIDriver.java,pljava,pljava-1_3_0,6/18/2006
149,CS149,UnusedParameters,access,visitField,PLJavaClassVisitor,org.postgresql.pljava.sqlgen,pljava-1_3_0/src/java5/pljava/org/postgresql/pljava/sqlgen/PLJavaClassVisitor.java,PLJavaClassVisitor.java,pljava,pljava-1_3_0,6/18/2006
150,CS150,UnusedParameters,currentRow,assignRowValues,UsingProperties,org.postgresql.pljava.example.annotation,pljava-1_3_0/src/java5/examples/org/postgresql/pljava/example/annotation/UsingProperties.java,UsingProperties.java,pljava,pljava-1_3_0,6/18/2006
151,CS151,UnusedParameters,len,setString,ClobValue,org.postgresql.pljava.jdbc,pljava-1_3_0/src/java/pljava/org/postgresql/pljava/jdbc/ClobValue.java,ClobValue.java,pljava,pljava-1_3_0,6/18/2006
152,CS152,UnusedParameters,scale,updateObject,ReadOnlyResultSet,org.postgresql.pljava.jdbc,pljava-1_3_0/src/java/pljava/org/postgresql/pljava/jdbc/ReadOnlyResultSet.java,ReadOnlyResultSet.java,pljava,pljava-1_3_0,6/18/2006
153,CS153,UnusedParameters,resultSetConcurrency,prepareCall,SPIConnection,org.postgresql.pljava.jdbc,pljava-1_3_0/src/java/pljava/org/postgresql/pljava/jdbc/SPIConnection.java,SPIConnection.java,pljava,pljava-1_3_0,6/18/2006
154,CS154,UnusedParameters,catalog,getAttributes,SPIDatabaseMetaData,org.postgresql.pljava.jdbc,pljava-1_3_0/src/java/pljava/org/postgresql/pljava/jdbc/SPIDatabaseMetaData.java,SPIDatabaseMetaData.java,pljava,pljava-1_3_0,6/18/2006
155,CS155,UnusedParameters,opcode,visitJumpInsn,DefaultMethodVisitor,org.postgresql.pljava.sqlgen,pljava-1_3_0/src/java5/pljava/org/postgresql/pljava/sqlgen/DefaultMethodVisitor.java,DefaultMethodVisitor.java,pljava,pljava-1_3_0,6/18/2006
156,CS156,UnusedParameters,i,deletesAreDetected,SPIDatabaseMetaData,org.postgresql.pljava.jdbc,pljava-1_3_0/src/java/pljava/org/postgresql/pljava/jdbc/SPIDatabaseMetaData.java,SPIDatabaseMetaData.java,pljava,pljava-1_3_0,6/18/2006
157,CS157,UnusedParameters,columnNames,prepareStatement,SPIConnection,org.postgresql.pljava.jdbc,pljava-1_3_0/src/java/pljava/org/postgresql/pljava/jdbc/SPIConnection.java,SPIConnection.java,pljava,pljava-1_3_0,6/18/2006
158,CS158,UnusedParameters,keys,visitLookupSwitchInsn,DefaultMethodVisitor,org.postgresql.pljava.sqlgen,pljava-1_3_0/src/java5/pljava/org/postgresql/pljava/sqlgen/DefaultMethodVisitor.java,DefaultMethodVisitor.java,pljava,pljava-1_3_0,6/18/2006
159,CS159,UnusedParameters,callCounter,_Type_hasNextSRF,,,pljava-1_3_0/src/C/pljava/type/Type.c,Type.c,pljava,pljava-1_3_0,6/18/2006
160,CS160,UnusedParameters,autoGeneratedKeys,prepareStatement,SPIConnection,org.postgresql.pljava.jdbc,pljava-1_3_0/src/java/pljava/org/postgresql/pljava/jdbc/SPIConnection.java,SPIConnection.java,pljava,pljava-1_3_0,6/18/2006
161,CS161,UnusedParameters,schemaPattern,getAttributes,SPIDatabaseMetaData,org.postgresql.pljava.jdbc,pljava-1_3_0/src/java/pljava/org/postgresql/pljava/jdbc/SPIDatabaseMetaData.java,SPIDatabaseMetaData.java,pljava,pljava-1_3_0,6/18/2006
162,CS162,UnusedParameters,access,visitMethod,DefaultClassVisitor,org.postgresql.pljava.sqlgen,pljava-1_3_0/src/java5/pljava/org/postgresql/pljava/sqlgen/DefaultClassVisitor.java,DefaultClassVisitor.java,pljava,pljava-1_3_0,6/18/2006
163,CS163,UnusedParameters,typeNamePattern,getAttributes,SPIDatabaseMetaData,org.postgresql.pljava.jdbc,pljava-1_3_0/src/java/pljava/org/postgresql/pljava/jdbc/SPIDatabaseMetaData.java,SPIDatabaseMetaData.java,pljava,pljava-1_3_0,6/18/2006
164,CS164,UnusedParameters,debug,visitSource,DefaultClassVisitor,org.postgresql.pljava.sqlgen,pljava-1_3_0/src/java5/pljava/org/postgresql/pljava/sqlgen/DefaultClassVisitor.java,DefaultClassVisitor.java,pljava,pljava-1_3_0,6/18/2006
165,CS165,UnusedParameters,arg2,setUnicodeStream,SPIPreparedStatement,org.postgresql.pljava.jdbc,pljava-1_3_0/src/java/pljava/org/postgresql/pljava/jdbc/SPIPreparedStatement.java,SPIPreparedStatement.java,pljava,pljava-1_3_0,6/18/2006
166,CS166,UnusedParameters,catalog,getPrimaryKeys,SPIDatabaseMetaData,org.postgresql.pljava.jdbc,pljava-1_3_0/src/java/pljava/org/postgresql/pljava/jdbc/SPIDatabaseMetaData.java,SPIDatabaseMetaData.java,pljava,pljava-1_3_0,6/18/2006
167,CS167,UnusedParameters,version,visit,DefaultClassVisitor,org.postgresql.pljava.sqlgen,pljava-1_3_0/src/java5/pljava/org/postgresql/pljava/sqlgen/DefaultClassVisitor.java,DefaultClassVisitor.java,pljava,pljava-1_3_0,6/18/2006
168,CS168,UnusedParameters,signature,visitField,DefaultClassVisitor,org.postgresql.pljava.sqlgen,pljava-1_3_0/src/java5/pljava/org/postgresql/pljava/sqlgen/DefaultClassVisitor.java,DefaultClassVisitor.java,pljava,pljava-1_3_0,6/18/2006
169,CS169,UnusedParameters,columnIndexes,executeUpdate,SPIStatement,org.postgresql.pljava.jdbc,pljava-1_3_0/src/java/pljava/org/postgresql/pljava/jdbc/SPIStatement.java,SPIStatement.java,pljava,pljava-1_3_0,6/18/2006
170,CS170,UnusedParameters,parent,onAbort,SPIActions,org.postgresql.pljava.example,pljava-1_3_0/src/java/examples/org/postgresql/pljava/example/SPIActions.java,SPIActions.java,pljava,pljava-1_3_0,6/18/2006
171,CS171,UnusedParameters,line,visitLineNumber,DefaultMethodVisitor,org.postgresql.pljava.sqlgen,pljava-1_3_0/src/java5/pljava/org/postgresql/pljava/sqlgen/DefaultMethodVisitor.java,DefaultMethodVisitor.java,pljava,pljava-1_3_0,6/18/2006
172,CS172,UnusedParameters,autoCommit,setAutoCommit,SPIConnection,org.postgresql.pljava.jdbc,pljava-1_3_0/src/java/pljava/org/postgresql/pljava/jdbc/SPIConnection.java,SPIConnection.java,pljava,pljava-1_3_0,6/18/2006
173,CS173,UnusedParameters,catalog,getIndexInfo,SPIDatabaseMetaData,org.postgresql.pljava.jdbc,pljava-1_3_0/src/java/pljava/org/postgresql/pljava/jdbc/SPIDatabaseMetaData.java,SPIDatabaseMetaData.java,pljava,pljava-1_3_0,6/18/2006
174,CS174,UnusedParameters,type,ownInsertsAreVisible,SPIDatabaseMetaData,org.postgresql.pljava.jdbc,pljava-1_3_0/src/java/pljava/org/postgresql/pljava/jdbc/SPIDatabaseMetaData.java,SPIDatabaseMetaData.java,pljava,pljava-1_3_0,6/18/2006
175,CS175,UnusedParameters,value,visitField,DefaultClassVisitor,org.postgresql.pljava.sqlgen,pljava-1_3_0/src/java5/pljava/org/postgresql/pljava/sqlgen/DefaultClassVisitor.java,DefaultClassVisitor.java,pljava,pljava-1_3_0,6/18/2006
176,CS176,UnusedParameters,value,writeAsciiStream,SQLOutputToChunk,org.postgresql.pljava.jdbc,pljava-1_3_0/src/java/pljava/org/postgresql/pljava/jdbc/SQLOutputToChunk.java,SQLOutputToChunk.java,pljava,pljava-1_3_0,6/18/2006
177,CS177,UnusedParameters,dflt,visitTableSwitchInsn,DefaultMethodVisitor,org.postgresql.pljava.sqlgen,pljava-1_3_0/src/java5/pljava/org/postgresql/pljava/sqlgen/DefaultMethodVisitor.java,DefaultMethodVisitor.java,pljava,pljava-1_3_0,6/18/2006
178,CS178,UnusedParameters,name,visitMethodInsn,DefaultMethodVisitor,org.postgresql.pljava.sqlgen,pljava-1_3_0/src/java5/pljava/org/postgresql/pljava/sqlgen/DefaultMethodVisitor.java,DefaultMethodVisitor.java,pljava,pljava-1_3_0,6/18/2006
179,CS179,UnusedParameters,desc,visitMethodInsn,DefaultMethodVisitor,org.postgresql.pljava.sqlgen,pljava-1_3_0/src/java5/pljava/org/postgresql/pljava/sqlgen/DefaultMethodVisitor.java,DefaultMethodVisitor.java,pljava,pljava-1_3_0,6/18/2006
180,CS180,UnusedParameters,catalog,getVersionColumns,SPIDatabaseMetaData,org.postgresql.pljava.jdbc,pljava-1_3_0/src/java/pljava/org/postgresql/pljava/jdbc/SPIDatabaseMetaData.java,SPIDatabaseMetaData.java,pljava,pljava-1_3_0,6/18/2006
181,CS181,UnusedParameters,name,visitOuterClass,DefaultClassVisitor,org.postgresql.pljava.sqlgen,pljava-1_3_0/src/java5/pljava/org/postgresql/pljava/sqlgen/DefaultClassVisitor.java,DefaultClassVisitor.java,pljava,pljava-1_3_0,6/18/2006
182,CS182,UnusedParameters,scale,setObject,SPIPreparedStatement,org.postgresql.pljava.jdbc,pljava-1_3_0/src/java/pljava/org/postgresql/pljava/jdbc/SPIPreparedStatement.java,SPIPreparedStatement.java,pljava,pljava-1_3_0,6/18/2006
183,CS183,UnusedParameters,map,setTypeMap,SPIConnection,org.postgresql.pljava.jdbc,pljava-1_3_0/src/java/pljava/org/postgresql/pljava/jdbc/SPIConnection.java,SPIConnection.java,pljava,pljava-1_3_0,6/18/2006
184,CS184,UnusedParameters,superName,visit,PLJavaClassVisitor,org.postgresql.pljava.sqlgen,pljava-1_3_0/src/java5/pljava/org/postgresql/pljava/sqlgen/PLJavaClassVisitor.java,PLJavaClassVisitor.java,pljava,pljava-1_3_0,6/18/2006
185,CS185,UnusedParameters,desc,visitOuterClass,DefaultClassVisitor,org.postgresql.pljava.sqlgen,pljava-1_3_0/src/java5/pljava/org/postgresql/pljava/sqlgen/DefaultClassVisitor.java,DefaultClassVisitor.java,pljava,pljava-1_3_0,6/18/2006
186,CS186,UnusedParameters,arg0,getParameterClassName,SPIParameterMetaData,org.postgresql.pljava.jdbc,pljava-1_3_0/src/java/pljava/org/postgresql/pljava/jdbc/SPIParameterMetaData.java,SPIParameterMetaData.java,pljava,pljava-1_3_0,6/18/2006
187,CS187,UnusedParameters,offset,setString,ClobValue,org.postgresql.pljava.jdbc,pljava-1_3_0/src/java/pljava/org/postgresql/pljava/jdbc/ClobValue.java,ClobValue.java,pljava,pljava-1_3_0,6/18/2006
188,CS188,UnusedParameters,autoGeneratedKeys,executeUpdate,SPIStatement,org.postgresql.pljava.jdbc,pljava-1_3_0/src/java/pljava/org/postgresql/pljava/jdbc/SPIStatement.java,SPIStatement.java,pljava,pljava-1_3_0,6/18/2006
189,CS189,UnusedParameters,maxStack,visitMaxs,DefaultMethodVisitor,org.postgresql.pljava.sqlgen,pljava-1_3_0/src/java5/pljava/org/postgresql/pljava/sqlgen/DefaultMethodVisitor.java,DefaultMethodVisitor.java,pljava,pljava-1_3_0,6/18/2006
190,CS190,UnusedParameters,typeNamePattern,getSuperTypes,SPIDatabaseMetaData,org.postgresql.pljava.jdbc,pljava-1_3_0/src/java/pljava/org/postgresql/pljava/jdbc/SPIDatabaseMetaData.java,SPIDatabaseMetaData.java,pljava,pljava-1_3_0,6/18/2006
191,CS191,UnusedParameters,pos,setBinaryStream,BlobValue,org.postgresql.pljava.jdbc,pljava-1_3_0/src/java/pljava/org/postgresql/pljava/jdbc/BlobValue.java,BlobValue.java,pljava,pljava-1_3_0,6/18/2006
192,CS192,UnusedParameters,currentRow,assignRowValues,ResultSetPicker,org.postgresql.pljava.internal,pljava-1_3_0/src/java/pljava/org/postgresql/pljava/internal/ResultSetPicker.java,ResultSetPicker.java,pljava,pljava-1_3_0,6/18/2006
193,CS193,UnusedParameters,exceptions,visitMethod,PLJavaClassVisitor,org.postgresql.pljava.sqlgen,pljava-1_3_0/src/java5/pljava/org/postgresql/pljava/sqlgen/PLJavaClassVisitor.java,PLJavaClassVisitor.java,pljava,pljava-1_3_0,6/18/2006
194,CS194,UnusedParameters,type,ownDeletesAreVisible,SPIDatabaseMetaData,org.postgresql.pljava.jdbc,pljava-1_3_0/src/java/pljava/org/postgresql/pljava/jdbc/SPIDatabaseMetaData.java,SPIDatabaseMetaData.java,pljava,pljava-1_3_0,6/18/2006
195,CS195,UnusedParameters,visible,visitAnnotation,PLJavaClassVisitor,org.postgresql.pljava.sqlgen,pljava-1_3_0/src/java5/pljava/org/postgresql/pljava/sqlgen/PLJavaClassVisitor.java,PLJavaClassVisitor.java,pljava,pljava-1_3_0,6/18/2006
196,CS196,UnusedParameters,value,writeRef,SQLOutputToChunk,org.postgresql.pljava.jdbc,pljava-1_3_0/src/java/pljava/org/postgresql/pljava/jdbc/SQLOutputToChunk.java,SQLOutputToChunk.java,pljava,pljava-1_3_0,6/18/2006
197,CS197,UnusedParameters,type,updatesAreDetected,SPIDatabaseMetaData,org.postgresql.pljava.jdbc,pljava-1_3_0/src/java/pljava/org/postgresql/pljava/jdbc/SPIDatabaseMetaData.java,SPIDatabaseMetaData.java,pljava,pljava-1_3_0,6/18/2006
198,CS198,UnusedParameters,catalog,getSuperTables,SPIDatabaseMetaData,org.postgresql.pljava.jdbc,pljava-1_3_0/src/java/pljava/org/postgresql/pljava/jdbc/SPIDatabaseMetaData.java,SPIDatabaseMetaData.java,pljava,pljava-1_3_0,6/18/2006
199,CS199,UnusedParameters,opcode,visitTypeInsn,DefaultMethodVisitor,org.postgresql.pljava.sqlgen,pljava-1_3_0/src/java5/pljava/org/postgresql/pljava/sqlgen/DefaultMethodVisitor.java,DefaultMethodVisitor.java,pljava,pljava-1_3_0,6/18/2006
200,CS200,UnusedParameters,desc,visitEnum,TriggerVisitor,org.postgresql.pljava.sqlgen,pljava-1_3_0/src/java5/pljava/org/postgresql/pljava/sqlgen/TriggerVisitor.java,TriggerVisitor.java,pljava,pljava-1_3_0,6/18/2006
201,CS201,UnusedParameters,holdability,supportsResultSetHoldability,SPIDatabaseMetaData,org.postgresql.pljava.jdbc,pljava-1_3_0/src/java/pljava/org/postgresql/pljava/jdbc/SPIDatabaseMetaData.java,SPIDatabaseMetaData.java,pljava,pljava-1_3_0,6/18/2006
202,CS202,UnusedParameters,catalog,getTables,SPIDatabaseMetaData,org.postgresql.pljava.jdbc,pljava-1_3_0/src/java/pljava/org/postgresql/pljava/jdbc/SPIDatabaseMetaData.java,SPIDatabaseMetaData.java,pljava,pljava-1_3_0,6/18/2006
203,CS203,UnusedParameters,rows,relative,SingleRowResultSet,org.postgresql.pljava.jdbc,pljava-1_3_0/src/java/pljava/org/postgresql/pljava/jdbc/SingleRowResultSet.java,SingleRowResultSet.java,pljava,pljava-1_3_0,6/18/2006
204,CS204,UnusedParameters,catalog,getProcedures,SPIDatabaseMetaData,org.postgresql.pljava.jdbc,pljava-1_3_0/src/java/pljava/org/postgresql/pljava/jdbc/SPIDatabaseMetaData.java,SPIDatabaseMetaData.java,pljava,pljava-1_3_0,6/18/2006
205,CS205,UnusedParameters,readOnly,setReadOnly,SPIConnection,org.postgresql.pljava.jdbc,pljava-1_3_0/src/java/pljava/org/postgresql/pljava/jdbc/SPIConnection.java,SPIConnection.java,pljava,pljava-1_3_0,6/18/2006
206,CS206,UnusedParameters,type,othersInsertsAreVisible,SPIDatabaseMetaData,org.postgresql.pljava.jdbc,pljava-1_3_0/src/java/pljava/org/postgresql/pljava/jdbc/SPIDatabaseMetaData.java,SPIDatabaseMetaData.java,pljava,pljava-1_3_0,6/18/2006
207,CS207,UnusedParameters,value,visitEnum,DefaultAnnotationVisitor,org.postgresql.pljava.sqlgen,pljava-1_3_0/src/java5/pljava/org/postgresql/pljava/sqlgen/DefaultAnnotationVisitor.java,DefaultAnnotationVisitor.java,pljava,pljava-1_3_0,6/18/2006
208,CS208,UnusedParameters,desc,visitMethod,DefaultClassVisitor,org.postgresql.pljava.sqlgen,pljava-1_3_0/src/java5/pljava/org/postgresql/pljava/sqlgen/DefaultClassVisitor.java,DefaultClassVisitor.java,pljava,pljava-1_3_0,6/18/2006
209,CS209,UnusedParameters,catalog,getColumnPrivileges,SPIDatabaseMetaData,org.postgresql.pljava.jdbc,pljava-1_3_0/src/java/pljava/org/postgresql/pljava/jdbc/SPIDatabaseMetaData.java,SPIDatabaseMetaData.java,pljava,pljava-1_3_0,6/18/2006
210,CS210,UnusedParameters,access,visit,PLJavaClassVisitor,org.postgresql.pljava.sqlgen,pljava-1_3_0/src/java5/pljava/org/postgresql/pljava/sqlgen/PLJavaClassVisitor.java,PLJavaClassVisitor.java,pljava,pljava-1_3_0,6/18/2006
211,CS211,UnusedParameters,type,rowChangesAreVisible,SPIDatabaseMetaData,org.postgresql.pljava.jdbc,pljava-1_3_0/src/java/pljava/org/postgresql/pljava/jdbc/SPIDatabaseMetaData.java,SPIDatabaseMetaData.java,pljava,pljava-1_3_0,6/18/2006
212,CS212,UnusedParameters,signature,visitMethod,DefaultClassVisitor,org.postgresql.pljava.sqlgen,pljava-1_3_0/src/java5/pljava/org/postgresql/pljava/sqlgen/DefaultClassVisitor.java,DefaultClassVisitor.java,pljava,pljava-1_3_0,6/18/2006
213,CS213,UnusedParameters,name,visitMethod,DefaultClassVisitor,org.postgresql.pljava.sqlgen,pljava-1_3_0/src/java5/pljava/org/postgresql/pljava/sqlgen/DefaultClassVisitor.java,DefaultClassVisitor.java,pljava,pljava-1_3_0,6/18/2006
214,CS214,UnusedParameters,max,visitTableSwitchInsn,DefaultMethodVisitor,org.postgresql.pljava.sqlgen,pljava-1_3_0/src/java5/pljava/org/postgresql/pljava/sqlgen/DefaultMethodVisitor.java,DefaultMethodVisitor.java,pljava,pljava-1_3_0,6/18/2006
215,CS215,UnusedParameters,columnNames,executeUpdate,SPIStatement,org.postgresql.pljava.jdbc,pljava-1_3_0/src/java/pljava/org/postgresql/pljava/jdbc/SPIStatement.java,SPIStatement.java,pljava,pljava-1_3_0,6/18/2006
216,CS216,UnusedParameters,attr,visitAttribute,DefaultClassVisitor,org.postgresql.pljava.sqlgen,pljava-1_3_0/src/java5/pljava/org/postgresql/pljava/sqlgen/DefaultClassVisitor.java,DefaultClassVisitor.java,pljava,pljava-1_3_0,6/18/2006
217,CS217,UnusedParameters,desc,visitMultiANewArrayInsn,DefaultMethodVisitor,org.postgresql.pljava.sqlgen,pljava-1_3_0/src/java5/pljava/org/postgresql/pljava/sqlgen/DefaultMethodVisitor.java,DefaultMethodVisitor.java,pljava,pljava-1_3_0,6/18/2006
218,CS218,UnusedParameters,row,absolute,SingleRowResultSet,org.postgresql.pljava.jdbc,pljava-1_3_0/src/java/pljava/org/postgresql/pljava/jdbc/SingleRowResultSet.java,SingleRowResultSet.java,pljava,pljava-1_3_0,6/18/2006
219,CS219,UnusedParameters,parent,onStart,SPIActions,org.postgresql.pljava.example,pljava-1_3_0/src/java/examples/org/postgresql/pljava/example/SPIActions.java,SPIActions.java,pljava,pljava-1_3_0,6/18/2006
220,CS220,UnusedParameters,catalog,getSuperTypes,SPIDatabaseMetaData,org.postgresql.pljava.jdbc,pljava-1_3_0/src/java/pljava/org/postgresql/pljava/jdbc/SPIDatabaseMetaData.java,SPIDatabaseMetaData.java,pljava,pljava-1_3_0,6/18/2006
221,CS221,UnusedParameters,desc,visitAnnotation,DefaultAnnotationVisitor,org.postgresql.pljava.sqlgen,pljava-1_3_0/src/java5/pljava/org/postgresql/pljava/sqlgen/DefaultAnnotationVisitor.java,DefaultAnnotationVisitor.java,pljava,pljava-1_3_0,6/18/2006
222,CS222,UnusedParameters,typeName,setNull,SPIPreparedStatement,org.postgresql.pljava.jdbc,pljava-1_3_0/src/java/pljava/org/postgresql/pljava/jdbc/SPIPreparedStatement.java,SPIPreparedStatement.java,pljava,pljava-1_3_0,6/18/2006
223,CS223,UnusedParameters,visible,visitParameterAnnotation,DefaultMethodVisitor,org.postgresql.pljava.sqlgen,pljava-1_3_0/src/java5/pljava/org/postgresql/pljava/sqlgen/DefaultMethodVisitor.java,DefaultMethodVisitor.java,pljava,pljava-1_3_0,6/18/2006
224,CS224,UnusedParameters,desc,visitLocalVariable,DefaultMethodVisitor,org.postgresql.pljava.sqlgen,pljava-1_3_0/src/java5/pljava/org/postgresql/pljava/sqlgen/DefaultMethodVisitor.java,DefaultMethodVisitor.java,pljava,pljava-1_3_0,6/18/2006
225,CS225,UnusedParameters,info,getPropertyInfo,SPIDriver,org.postgresql.pljava.jdbc,pljava-1_3_0/src/java/pljava/org/postgresql/pljava/jdbc/SPIDriver.java,SPIDriver.java,pljava,pljava-1_3_0,6/18/2006
226,CS226,UnusedParameters,enable,setEscapeProcessing,SPIStatement,org.postgresql.pljava.jdbc,pljava-1_3_0/src/java/pljava/org/postgresql/pljava/jdbc/SPIStatement.java,SPIStatement.java,pljava,pljava-1_3_0,6/18/2006
227,CS227,UnusedParameters,schemaPattern,getSuperTables,SPIDatabaseMetaData,org.postgresql.pljava.jdbc,pljava-1_3_0/src/java/pljava/org/postgresql/pljava/jdbc/SPIDatabaseMetaData.java,SPIDatabaseMetaData.java,pljava,pljava-1_3_0,6/18/2006
228,CS228,UnusedParameters,opcode,visitVarInsn,DefaultMethodVisitor,org.postgresql.pljava.sqlgen,pljava-1_3_0/src/java5/pljava/org/postgresql/pljava/sqlgen/DefaultMethodVisitor.java,DefaultMethodVisitor.java,pljava,pljava-1_3_0,6/18/2006
229,CS229,UnusedParameters,rows,relative,ResultSetBase,org.postgresql.pljava.jdbc,pljava-1_3_0/src/java/pljava/org/postgresql/pljava/jdbc/ResultSetBase.java,ResultSetBase.java,pljava,pljava-1_3_0,6/18/2006
230,CS230,UnusedParameters,cst,visitLdcInsn,DefaultMethodVisitor,org.postgresql.pljava.sqlgen,pljava-1_3_0/src/java5/pljava/org/postgresql/pljava/sqlgen/DefaultMethodVisitor.java,DefaultMethodVisitor.java,pljava,pljava-1_3_0,6/18/2006
231,CS231,UnusedParameters,type,rowChangesAreDetected,SPIDatabaseMetaData,org.postgresql.pljava.jdbc,pljava-1_3_0/src/java/pljava/org/postgresql/pljava/jdbc/SPIDatabaseMetaData.java,SPIDatabaseMetaData.java,pljava,pljava-1_3_0,6/18/2006
232,CS232,UnusedParameters,superName,visit,DefaultClassVisitor,org.postgresql.pljava.sqlgen,pljava-1_3_0/src/java5/pljava/org/postgresql/pljava/sqlgen/DefaultClassVisitor.java,DefaultClassVisitor.java,pljava,pljava-1_3_0,6/18/2006
233,CS233,UnusedParameters,name,visitAnnotation,DefaultAnnotationVisitor,org.postgresql.pljava.sqlgen,pljava-1_3_0/src/java5/pljava/org/postgresql/pljava/sqlgen/DefaultAnnotationVisitor.java,DefaultAnnotationVisitor.java,pljava,pljava-1_3_0,6/18/2006
234,CS234,UnusedParameters,handler,visitTryCatchBlock,DefaultMethodVisitor,org.postgresql.pljava.sqlgen,pljava-1_3_0/src/java5/pljava/org/postgresql/pljava/sqlgen/DefaultMethodVisitor.java,DefaultMethodVisitor.java,pljava,pljava-1_3_0,6/18/2006
235,CS235,UnusedParameters,level,setTransactionIsolation,SPIConnection,org.postgresql.pljava.jdbc,pljava-1_3_0/src/java/pljava/org/postgresql/pljava/jdbc/SPIConnection.java,SPIConnection.java,pljava,pljava-1_3_0,6/18/2006
236,CS236,UnusedParameters,value,visit,DefaultAnnotationVisitor,org.postgresql.pljava.sqlgen,pljava-1_3_0/src/java5/pljava/org/postgresql/pljava/sqlgen/DefaultAnnotationVisitor.java,DefaultAnnotationVisitor.java,pljava,pljava-1_3_0,6/18/2006
237,CS237,UnusedParameters,resultSetType,prepareCall,SPIConnection,org.postgresql.pljava.jdbc,pljava-1_3_0/src/java/pljava/org/postgresql/pljava/jdbc/SPIConnection.java,SPIConnection.java,pljava,pljava-1_3_0,6/18/2006
238,CS238,UnusedParameters,sql,prepareCall,SPIConnection,org.postgresql.pljava.jdbc,pljava-1_3_0/src/java/pljava/org/postgresql/pljava/jdbc/SPIConnection.java,SPIConnection.java,pljava,pljava-1_3_0,6/18/2006
239,CS239,UnusedParameters,value,writeObject,SQLOutputToChunk,org.postgresql.pljava.jdbc,pljava-1_3_0/src/java/pljava/org/postgresql/pljava/jdbc/SQLOutputToChunk.java,SQLOutputToChunk.java,pljava,pljava-1_3_0,6/18/2006
240,CS240,UnusedParameters,holdability,setHoldability,SPIConnection,org.postgresql.pljava.jdbc,pljava-1_3_0/src/java/pljava/org/postgresql/pljava/jdbc/SPIConnection.java,SPIConnection.java,pljava,pljava-1_3_0,6/18/2006
241,CS241,UnusedParameters,toType,supportsConvert,SPIDatabaseMetaData,org.postgresql.pljava.jdbc,pljava-1_3_0/src/java/pljava/org/postgresql/pljava/jdbc/SPIDatabaseMetaData.java,SPIDatabaseMetaData.java,pljava,pljava-1_3_0,6/18/2006
242,CS242,UnusedParameters,approximate,getIndexInfo,SPIDatabaseMetaData,org.postgresql.pljava.jdbc,pljava-1_3_0/src/java/pljava/org/postgresql/pljava/jdbc/SPIDatabaseMetaData.java,SPIDatabaseMetaData.java,pljava,pljava-1_3_0,6/18/2006
243,CS243,UnusedParameters,statement,executeUpdate,SPIStatement,org.postgresql.pljava.jdbc,pljava-1_3_0/src/java/pljava/org/postgresql/pljava/jdbc/SPIStatement.java,SPIStatement.java,pljava,pljava-1_3_0,6/18/2006
244,CS244,UnusedParameters,access,visitInnerClass,DefaultClassVisitor,org.postgresql.pljava.sqlgen,pljava-1_3_0/src/java5/pljava/org/postgresql/pljava/sqlgen/DefaultClassVisitor.java,DefaultClassVisitor.java,pljava,pljava-1_3_0,6/18/2006
245,CS245,UnusedParameters,columnNames,execute,SPIStatement,org.postgresql.pljava.jdbc,pljava-1_3_0/src/java/pljava/org/postgresql/pljava/jdbc/SPIStatement.java,SPIStatement.java,pljava,pljava-1_3_0,6/18/2006
246,CS246,UnusedParameters,x,updateObject,SingleRowReader,org.postgresql.pljava.jdbc,pljava-1_3_0/src/java/pljava/org/postgresql/pljava/jdbc/SingleRowReader.java,SingleRowReader.java,pljava,pljava-1_3_0,6/18/2006
247,CS247,UnusedParameters,signature,visit,PLJavaClassVisitor,org.postgresql.pljava.sqlgen,pljava-1_3_0/src/java5/pljava/org/postgresql/pljava/sqlgen/PLJavaClassVisitor.java,PLJavaClassVisitor.java,pljava,pljava-1_3_0,6/18/2006
248,CS248,UnusedParameters,value,writeBlob,SQLOutputToChunk,org.postgresql.pljava.jdbc,pljava-1_3_0/src/java/pljava/org/postgresql/pljava/jdbc/SQLOutputToChunk.java,SQLOutputToChunk.java,pljava,pljava-1_3_0,6/18/2006
249,CS249,UnusedParameters,pattern,position,ClobValue,org.postgresql.pljava.jdbc,pljava-1_3_0/src/java/pljava/org/postgresql/pljava/jdbc/ClobValue.java,ClobValue.java,pljava,pljava-1_3_0,6/18/2006
250,CS250,UnusedParameters,desc,visitTypeInsn,DefaultMethodVisitor,org.postgresql.pljava.sqlgen,pljava-1_3_0/src/java5/pljava/org/postgresql/pljava/sqlgen/DefaultMethodVisitor.java,DefaultMethodVisitor.java,pljava,pljava-1_3_0,6/18/2006
251,CS251,UnusedParameters,value,setUnicodeStream,SPIPreparedStatement,org.postgresql.pljava.jdbc,pljava-1_3_0/src/java/pljava/org/postgresql/pljava/jdbc/SPIPreparedStatement.java,SPIPreparedStatement.java,pljava,pljava-1_3_0,6/18/2006
252,CS252,UnusedParameters,operand,visitIntInsn,DefaultMethodVisitor,org.postgresql.pljava.sqlgen,pljava-1_3_0/src/java5/pljava/org/postgresql/pljava/sqlgen/DefaultMethodVisitor.java,DefaultMethodVisitor.java,pljava,pljava-1_3_0,6/18/2006
253,CS253,UnusedParameters,labels,visitTableSwitchInsn,DefaultMethodVisitor,org.postgresql.pljava.sqlgen,pljava-1_3_0/src/java5/pljava/org/postgresql/pljava/sqlgen/DefaultMethodVisitor.java,DefaultMethodVisitor.java,pljava,pljava-1_3_0,6/18/2006
254,CS254,UnusedParameters,columnIndex,getUnicodeStream,ObjectResultSet,org.postgresql.pljava.jdbc,pljava-1_3_0/src/java/pljava/org/postgresql/pljava/jdbc/ObjectResultSet.java,ObjectResultSet.java,pljava,pljava-1_3_0,6/18/2006
255,CS255,UnusedParameters,schema,getVersionColumns,SPIDatabaseMetaData,org.postgresql.pljava.jdbc,pljava-1_3_0/src/java/pljava/org/postgresql/pljava/jdbc/SPIDatabaseMetaData.java,SPIDatabaseMetaData.java,pljava,pljava-1_3_0,6/18/2006
256,CS256,UnusedParameters,owner,visitOuterClass,DefaultClassVisitor,org.postgresql.pljava.sqlgen,pljava-1_3_0/src/java5/pljava/org/postgresql/pljava/sqlgen/DefaultClassVisitor.java,DefaultClassVisitor.java,pljava,pljava-1_3_0,6/18/2006
257,CS257,UnusedParameters,schemaPattern,getSuperTypes,SPIDatabaseMetaData,org.postgresql.pljava.jdbc,pljava-1_3_0/src/java/pljava/org/postgresql/pljava/jdbc/SPIDatabaseMetaData.java,SPIDatabaseMetaData.java,pljava,pljava-1_3_0,6/18/2006
258,CS258,UnusedParameters,pattern,position,BlobValue,org.postgresql.pljava.jdbc,pljava-1_3_0/src/java/pljava/org/postgresql/pljava/jdbc/BlobValue.java,BlobValue.java,pljava,pljava-1_3_0,6/18/2006
259,CS259,UnusedParameters,offset,setBytes,BlobValue,org.postgresql.pljava.jdbc,pljava-1_3_0/src/java/pljava/org/postgresql/pljava/jdbc/BlobValue.java,BlobValue.java,pljava,pljava-1_3_0,6/18/2006
260,CS260,UnusedParameters,opcode,visitFieldInsn,DefaultMethodVisitor,org.postgresql.pljava.sqlgen,pljava-1_3_0/src/java5/pljava/org/postgresql/pljava/sqlgen/DefaultMethodVisitor.java,DefaultMethodVisitor.java,pljava,pljava-1_3_0,6/18/2006
261,CS261,UnusedParameters,scale,getBigDecimal,ObjectResultSet,org.postgresql.pljava.jdbc,pljava-1_3_0/src/java/pljava/org/postgresql/pljava/jdbc/ObjectResultSet.java,ObjectResultSet.java,pljava,pljava-1_3_0,6/18/2006
262,CS262,UnusedParameters,columnIndexes,prepareStatement,SPIConnection,org.postgresql.pljava.jdbc,pljava-1_3_0/src/java/pljava/org/postgresql/pljava/jdbc/SPIConnection.java,SPIConnection.java,pljava,pljava-1_3_0,6/18/2006
263,CS263,UnusedParameters,table,getVersionColumns,SPIDatabaseMetaData,org.postgresql.pljava.jdbc,pljava-1_3_0/src/java/pljava/org/postgresql/pljava/jdbc/SPIDatabaseMetaData.java,SPIDatabaseMetaData.java,pljava,pljava-1_3_0,6/18/2006
264,CS264,UnusedParameters,column,getFieldLength,SPIResultSetMetaData,org.postgresql.pljava.jdbc,pljava-1_3_0/src/java/pljava/org/postgresql/pljava/jdbc/SPIResultSetMetaData.java,SPIResultSetMetaData.java,pljava,pljava-1_3_0,6/18/2006
265,CS265,UnusedParameters,start,visitTryCatchBlock,DefaultMethodVisitor,org.postgresql.pljava.sqlgen,pljava-1_3_0/src/java5/pljava/org/postgresql/pljava/sqlgen/DefaultMethodVisitor.java,DefaultMethodVisitor.java,pljava,pljava-1_3_0,6/18/2006
266,CS266,UnusedParameters,increment,visitIincInsn,DefaultMethodVisitor,org.postgresql.pljava.sqlgen,pljava-1_3_0/src/java5/pljava/org/postgresql/pljava/sqlgen/DefaultMethodVisitor.java,DefaultMethodVisitor.java,pljava,pljava-1_3_0,6/18/2006
267,CS267,UnusedParameters,current,getMoreResults,SPIStatement,org.postgresql.pljava.jdbc,pljava-1_3_0/src/java/pljava/org/postgresql/pljava/jdbc/SPIStatement.java,SPIStatement.java,pljava,pljava-1_3_0,6/18/2006
268,CS268,UnusedParameters,statement,addBatch,SPIPreparedStatement,org.postgresql.pljava.jdbc,pljava-1_3_0/src/java/pljava/org/postgresql/pljava/jdbc/SPIPreparedStatement.java,SPIPreparedStatement.java,pljava,pljava-1_3_0,6/18/2006
269,CS269,UnusedParameters,owner,visitMethodInsn,DefaultMethodVisitor,org.postgresql.pljava.sqlgen,pljava-1_3_0/src/java5/pljava/org/postgresql/pljava/sqlgen/DefaultMethodVisitor.java,DefaultMethodVisitor.java,pljava,pljava-1_3_0,6/18/2006
270,CS270,UnusedParameters,label,visitJumpInsn,DefaultMethodVisitor,org.postgresql.pljava.sqlgen,pljava-1_3_0/src/java5/pljava/org/postgresql/pljava/sqlgen/DefaultMethodVisitor.java,DefaultMethodVisitor.java,pljava,pljava-1_3_0,6/18/2006
271,CS271,UnusedParameters,labels,visitLookupSwitchInsn,DefaultMethodVisitor,org.postgresql.pljava.sqlgen,pljava-1_3_0/src/java5/pljava/org/postgresql/pljava/sqlgen/DefaultMethodVisitor.java,DefaultMethodVisitor.java,pljava,pljava-1_3_0,6/18/2006
272,CS272,UnusedParameters,name,visitLocalVariable,DefaultMethodVisitor,org.postgresql.pljava.sqlgen,pljava-1_3_0/src/java5/pljava/org/postgresql/pljava/sqlgen/DefaultMethodVisitor.java,DefaultMethodVisitor.java,pljava,pljava-1_3_0,6/18/2006
273,CS273,UnusedParameters,scale,updateObject,SingleRowReader,org.postgresql.pljava.jdbc,pljava-1_3_0/src/java/pljava/org/postgresql/pljava/jdbc/SingleRowReader.java,SingleRowReader.java,pljava,pljava-1_3_0,6/18/2006
274,CS274,UnusedParameters,primaryCatalog,getImportedExportedKeys,SPIDatabaseMetaData,org.postgresql.pljava.jdbc,pljava-1_3_0/src/java/pljava/org/postgresql/pljava/jdbc/SPIDatabaseMetaData.java,SPIDatabaseMetaData.java,pljava,pljava-1_3_0,6/18/2006
275,CS275,UnusedParameters,source,visitSource,DefaultClassVisitor,org.postgresql.pljava.sqlgen,pljava-1_3_0/src/java5/pljava/org/postgresql/pljava/sqlgen/DefaultClassVisitor.java,DefaultClassVisitor.java,pljava,pljava-1_3_0,6/18/2006
276,CS276,UnusedParameters,opcode,visitMethodInsn,DefaultMethodVisitor,org.postgresql.pljava.sqlgen,pljava-1_3_0/src/java5/pljava/org/postgresql/pljava/sqlgen/DefaultMethodVisitor.java,DefaultMethodVisitor.java,pljava,pljava-1_3_0,6/18/2006
277,CS277,UnusedParameters,var,visitVarInsn,DefaultMethodVisitor,org.postgresql.pljava.sqlgen,pljava-1_3_0/src/java5/pljava/org/postgresql/pljava/sqlgen/DefaultMethodVisitor.java,DefaultMethodVisitor.java,pljava,pljava-1_3_0,6/18/2006
278,CS278,UnusedParameters,signature,visitLocalVariable,DefaultMethodVisitor,org.postgresql.pljava.sqlgen,pljava-1_3_0/src/java5/pljava/org/postgresql/pljava/sqlgen/DefaultMethodVisitor.java,DefaultMethodVisitor.java,pljava,pljava-1_3_0,6/18/2006
279,CS279,UnusedParameters,nullable,getBestRowIdentifier,SPIDatabaseMetaData,org.postgresql.pljava.jdbc,pljava-1_3_0/src/java/pljava/org/postgresql/pljava/jdbc/SPIDatabaseMetaData.java,SPIDatabaseMetaData.java,pljava,pljava-1_3_0,6/18/2006
280,CS280,UnusedParameters,parameter,visitParameterAnnotation,DefaultMethodVisitor,org.postgresql.pljava.sqlgen,pljava-1_3_0/src/java5/pljava/org/postgresql/pljava/sqlgen/DefaultMethodVisitor.java,DefaultMethodVisitor.java,pljava,pljava-1_3_0,6/18/2006
281,CS281,UnusedParameters,owner,visitFieldInsn,DefaultMethodVisitor,org.postgresql.pljava.sqlgen,pljava-1_3_0/src/java5/pljava/org/postgresql/pljava/sqlgen/DefaultMethodVisitor.java,DefaultMethodVisitor.java,pljava,pljava-1_3_0,6/18/2006
282,CS282,UnusedParameters,catalog,getBestRowIdentifier,SPIDatabaseMetaData,org.postgresql.pljava.jdbc,pljava-1_3_0/src/java/pljava/org/postgresql/pljava/jdbc/SPIDatabaseMetaData.java,SPIDatabaseMetaData.java,pljava,pljava-1_3_0,6/18/2006
283,CS283,UnusedParameters,desc,visitFieldInsn,DefaultMethodVisitor,org.postgresql.pljava.sqlgen,pljava-1_3_0/src/java5/pljava/org/postgresql/pljava/sqlgen/DefaultMethodVisitor.java,DefaultMethodVisitor.java,pljava,pljava-1_3_0,6/18/2006
284,CS284,UnusedParameters,str,setString,ClobValue,org.postgresql.pljava.jdbc,pljava-1_3_0/src/java/pljava/org/postgresql/pljava/jdbc/ClobValue.java,ClobValue.java,pljava,pljava-1_3_0,6/18/2006
285,CS285,UnusedParameters,name,visitFieldInsn,DefaultMethodVisitor,org.postgresql.pljava.sqlgen,pljava-1_3_0/src/java5/pljava/org/postgresql/pljava/sqlgen/DefaultMethodVisitor.java,DefaultMethodVisitor.java,pljava,pljava-1_3_0,6/18/2006
286,CS286,UnusedParameters,start,visitLineNumber,DefaultMethodVisitor,org.postgresql.pljava.sqlgen,pljava-1_3_0/src/java5/pljava/org/postgresql/pljava/sqlgen/DefaultMethodVisitor.java,DefaultMethodVisitor.java,pljava,pljava-1_3_0,6/18/2006
287,CS287,UnusedParameters,value,writeStruct,SQLOutputToChunk,org.postgresql.pljava.jdbc,pljava-1_3_0/src/java/pljava/org/postgresql/pljava/jdbc/SQLOutputToChunk.java,SQLOutputToChunk.java,pljava,pljava-1_3_0,6/18/2006
288,CS288,UnusedParameters,index,visitLocalVariable,DefaultMethodVisitor,org.postgresql.pljava.sqlgen,pljava-1_3_0/src/java5/pljava/org/postgresql/pljava/sqlgen/DefaultMethodVisitor.java,DefaultMethodVisitor.java,pljava,pljava-1_3_0,6/18/2006
289,CS289,UnusedParameters,end,visitLocalVariable,DefaultMethodVisitor,org.postgresql.pljava.sqlgen,pljava-1_3_0/src/java5/pljava/org/postgresql/pljava/sqlgen/DefaultMethodVisitor.java,DefaultMethodVisitor.java,pljava,pljava-1_3_0,6/18/2006
290,CS290,UnusedParameters,typeMap,_Type_getRealType,,,pljava-1_3_0/src/C/pljava/type/Type.c,Type.c,pljava,pljava-1_3_0,6/18/2006
291,CS291,UnusedParameters,arg0,getPrecision,SPIParameterMetaData,org.postgresql.pljava.jdbc,pljava-1_3_0/src/java/pljava/org/postgresql/pljava/jdbc/SPIParameterMetaData.java,SPIParameterMetaData.java,pljava,pljava-1_3_0,6/18/2006
292,CS292,UnusedParameters,catalog,getColumns,SPIDatabaseMetaData,org.postgresql.pljava.jdbc,pljava-1_3_0/src/java/pljava/org/postgresql/pljava/jdbc/SPIDatabaseMetaData.java,SPIDatabaseMetaData.java,pljava,pljava-1_3_0,6/18/2006
293,CS293,UnusedParameters,columnIndex,updateObject,ReadOnlyResultSet,org.postgresql.pljava.jdbc,pljava-1_3_0/src/java/pljava/org/postgresql/pljava/jdbc/ReadOnlyResultSet.java,ReadOnlyResultSet.java,pljava,pljava-1_3_0,6/18/2006
294,CS294,UnusedParameters,desc,visitAnnotation,DefaultMethodVisitor,org.postgresql.pljava.sqlgen,pljava-1_3_0/src/java5/pljava/org/postgresql/pljava/sqlgen/DefaultMethodVisitor.java,DefaultMethodVisitor.java,pljava,pljava-1_3_0,6/18/2006
295,CS295,UnusedParameters,label,visitLabel,DefaultMethodVisitor,org.postgresql.pljava.sqlgen,pljava-1_3_0/src/java5/pljava/org/postgresql/pljava/sqlgen/DefaultMethodVisitor.java,DefaultMethodVisitor.java,pljava,pljava-1_3_0,6/18/2006
296,CS296,UnusedParameters,visible,visitAnnotation,DefaultClassVisitor,org.postgresql.pljava.sqlgen,pljava-1_3_0/src/java5/pljava/org/postgresql/pljava/sqlgen/DefaultClassVisitor.java,DefaultClassVisitor.java,pljava,pljava-1_3_0,6/18/2006
297,CS297,UnusedParameters,bytes,setBytes,BlobValue,org.postgresql.pljava.jdbc,pljava-1_3_0/src/java/pljava/org/postgresql/pljava/jdbc/BlobValue.java,BlobValue.java,pljava,pljava-1_3_0,6/18/2006
298,CS298,UnusedParameters,value,writeClob,SQLOutputToChunk,org.postgresql.pljava.jdbc,pljava-1_3_0/src/java/pljava/org/postgresql/pljava/jdbc/SQLOutputToChunk.java,SQLOutputToChunk.java,pljava,pljava-1_3_0,6/18/2006
299,CS299,UnusedParameters,desc,visitAnnotation,DefaultClassVisitor,org.postgresql.pljava.sqlgen,pljava-1_3_0/src/java5/pljava/org/postgresql/pljava/sqlgen/DefaultClassVisitor.java,DefaultClassVisitor.java,pljava,pljava-1_3_0,6/18/2006
300,CS300,UnusedParameters,innerName,visitInnerClass,DefaultClassVisitor,org.postgresql.pljava.sqlgen,pljava-1_3_0/src/java5/pljava/org/postgresql/pljava/sqlgen/DefaultClassVisitor.java,DefaultClassVisitor.java,pljava,pljava-1_3_0,6/18/2006
301,CS301,UnusedParameters,catalog,setCatalog,SPIConnection,org.postgresql.pljava.jdbc,pljava-1_3_0/src/java/pljava/org/postgresql/pljava/jdbc/SPIConnection.java,SPIConnection.java,pljava,pljava-1_3_0,6/18/2006
302,CS302,UnusedParameters,opcode,visitIntInsn,DefaultMethodVisitor,org.postgresql.pljava.sqlgen,pljava-1_3_0/src/java5/pljava/org/postgresql/pljava/sqlgen/DefaultMethodVisitor.java,DefaultMethodVisitor.java,pljava,pljava-1_3_0,6/18/2006
303,CS303,UnusedParameters,pos,setString,ClobValue,org.postgresql.pljava.jdbc,pljava-1_3_0/src/java/pljava/org/postgresql/pljava/jdbc/ClobValue.java,ClobValue.java,pljava,pljava-1_3_0,6/18/2006
304,CS304,UnusedParameters,start,visitLocalVariable,DefaultMethodVisitor,org.postgresql.pljava.sqlgen,pljava-1_3_0/src/java5/pljava/org/postgresql/pljava/sqlgen/DefaultMethodVisitor.java,DefaultMethodVisitor.java,pljava,pljava-1_3_0,6/18/2006
305,CS305,UnusedParameters,catalog,getProcedureColumns,SPIDatabaseMetaData,org.postgresql.pljava.jdbc,pljava-1_3_0/src/java/pljava/org/postgresql/pljava/jdbc/SPIDatabaseMetaData.java,SPIDatabaseMetaData.java,pljava,pljava-1_3_0,6/18/2006
306,CS306,UnusedParameters,type,othersUpdatesAreVisible,SPIDatabaseMetaData,org.postgresql.pljava.jdbc,pljava-1_3_0/src/java/pljava/org/postgresql/pljava/jdbc/SPIDatabaseMetaData.java,SPIDatabaseMetaData.java,pljava,pljava-1_3_0,6/18/2006
307,CS307,UnusedParameters,catalog,getUDTs,SPIDatabaseMetaData,org.postgresql.pljava.jdbc,pljava-1_3_0/src/java/pljava/org/postgresql/pljava/jdbc/SPIDatabaseMetaData.java,SPIDatabaseMetaData.java,pljava,pljava-1_3_0,6/18/2006
308,CS308,UnusedParameters,maxLocals,visitMaxs,DefaultMethodVisitor,org.postgresql.pljava.sqlgen,pljava-1_3_0/src/java5/pljava/org/postgresql/pljava/sqlgen/DefaultMethodVisitor.java,DefaultMethodVisitor.java,pljava,pljava-1_3_0,6/18/2006
309,CS309,UnusedParameters,row,absolute,ResultSetBase,org.postgresql.pljava.jdbc,pljava-1_3_0/src/java/pljava/org/postgresql/pljava/jdbc/ResultSetBase.java,ResultSetBase.java,pljava,pljava-1_3_0,6/18/2006
310,CS310,UnusedParameters,arg0,getParameterTypeName,SPIParameterMetaData,org.postgresql.pljava.jdbc,pljava-1_3_0/src/java/pljava/org/postgresql/pljava/jdbc/SPIParameterMetaData.java,SPIParameterMetaData.java,pljava,pljava-1_3_0,6/18/2006
311,CS311,UnusedParameters,columnIndex,updateObject,SingleRowReader,org.postgresql.pljava.jdbc,pljava-1_3_0/src/java/pljava/org/postgresql/pljava/jdbc/SingleRowReader.java,SingleRowReader.java,pljava,pljava-1_3_0,6/18/2006
312,CS312,UnusedParameters,pos,setAsciiStream,ClobValue,org.postgresql.pljava.jdbc,pljava-1_3_0/src/java/pljava/org/postgresql/pljava/jdbc/ClobValue.java,ClobValue.java,pljava,pljava-1_3_0,6/18/2006
313,CS313,UnusedParameters,name,visitInnerClass,DefaultClassVisitor,org.postgresql.pljava.sqlgen,pljava-1_3_0/src/java5/pljava/org/postgresql/pljava/sqlgen/DefaultClassVisitor.java,DefaultClassVisitor.java,pljava,pljava-1_3_0,6/18/2006
314,CS314,UnusedParameters,columnNamePattern,getProcedureColumns,SPIDatabaseMetaData,org.postgresql.pljava.jdbc,pljava-1_3_0/src/java/pljava/org/postgresql/pljava/jdbc/SPIDatabaseMetaData.java,SPIDatabaseMetaData.java,pljava,pljava-1_3_0,6/18/2006
315,CS315,UnusedParameters,access,visit,DefaultClassVisitor,org.postgresql.pljava.sqlgen,pljava-1_3_0/src/java5/pljava/org/postgresql/pljava/sqlgen/DefaultClassVisitor.java,DefaultClassVisitor.java,pljava,pljava-1_3_0,6/18/2006
316,CS316,UnusedParameters,var,visitIincInsn,DefaultMethodVisitor,org.postgresql.pljava.sqlgen,pljava-1_3_0/src/java5/pljava/org/postgresql/pljava/sqlgen/DefaultMethodVisitor.java,DefaultMethodVisitor.java,pljava,pljava-1_3_0,6/18/2006
317,CS317,UnusedParameters,seconds,setQueryTimeout,SPIStatement,org.postgresql.pljava.jdbc,pljava-1_3_0/src/java/pljava/org/postgresql/pljava/jdbc/SPIStatement.java,SPIStatement.java,pljava,pljava-1_3_0,6/18/2006
318,CS318,UnusedParameters,td,insertUsername,Triggers,org.postgresql.pljava.example.annotation,pljava-1_3_0/src/java5/examples/org/postgresql/pljava/example/annotation/Triggers.java,Triggers.java,pljava,pljava-1_3_0,6/18/2006
319,CS319,UnusedParameters,start,position,BlobValue,org.postgresql.pljava.jdbc,pljava-1_3_0/src/java/pljava/org/postgresql/pljava/jdbc/BlobValue.java,BlobValue.java,pljava,pljava-1_3_0,6/18/2006
320,CS320,UnusedParameters,i,othersDeletesAreVisible,SPIDatabaseMetaData,org.postgresql.pljava.jdbc,pljava-1_3_0/src/java/pljava/org/postgresql/pljava/jdbc/SPIDatabaseMetaData.java,SPIDatabaseMetaData.java,pljava,pljava-1_3_0,6/18/2006
321,CS321,UnusedParameters,desc,visitEnum,FunctionVisitor,org.postgresql.pljava.sqlgen,pljava-1_3_0/src/java5/pljava/org/postgresql/pljava/sqlgen/FunctionVisitor.java,FunctionVisitor.java,pljava,pljava-1_3_0,6/18/2006
322,CS322,UnusedParameters,scale,updateObject,SingleRowResultSet,org.postgresql.pljava.jdbc,pljava-1_3_0/src/java/pljava/org/postgresql/pljava/jdbc/SingleRowResultSet.java,SingleRowResultSet.java,pljava,pljava-1_3_0,6/18/2006
323,CS323,UnusedParameters,name,visitArray,DefaultAnnotationVisitor,org.postgresql.pljava.sqlgen,pljava-1_3_0/src/java5/pljava/org/postgresql/pljava/sqlgen/DefaultAnnotationVisitor.java,DefaultAnnotationVisitor.java,pljava,pljava-1_3_0,6/18/2006
324,CS324,UnusedParameters,desc,visitParameterAnnotation,DefaultMethodVisitor,org.postgresql.pljava.sqlgen,pljava-1_3_0/src/java5/pljava/org/postgresql/pljava/sqlgen/DefaultMethodVisitor.java,DefaultMethodVisitor.java,pljava,pljava-1_3_0,6/18/2006
325,CS325,UnusedParameters,pos,setBytes,BlobValue,org.postgresql.pljava.jdbc,pljava-1_3_0/src/java/pljava/org/postgresql/pljava/jdbc/BlobValue.java,BlobValue.java,pljava,pljava-1_3_0,6/18/2006
326,CS326,UnusedParameters,autoGeneratedKeys,execute,SPIStatement,org.postgresql.pljava.jdbc,pljava-1_3_0/src/java/pljava/org/postgresql/pljava/jdbc/SPIStatement.java,SPIStatement.java,pljava,pljava-1_3_0,6/18/2006
327,CS327,UnusedParameters,min,visitTableSwitchInsn,DefaultMethodVisitor,org.postgresql.pljava.sqlgen,pljava-1_3_0/src/java5/pljava/org/postgresql/pljava/sqlgen/DefaultMethodVisitor.java,DefaultMethodVisitor.java,pljava,pljava-1_3_0,6/18/2006
328,CS328,UnusedParameters,parent,onCommit,SPIActions,org.postgresql.pljava.example,pljava-1_3_0/src/java/examples/org/postgresql/pljava/example/SPIActions.java,SPIActions.java,pljava,pljava-1_3_0,6/18/2006
329,CS329,UnusedParameters,rowCollector,_Type_nextSRF,,,pljava-1_3_0/src/C/pljava/type/Type.c,Type.c,pljava,pljava-1_3_0,6/18/2006
330,CS330,UnusedParameters,name,visit,DefaultClassVisitor,org.postgresql.pljava.sqlgen,pljava-1_3_0/src/java5/pljava/org/postgresql/pljava/sqlgen/DefaultClassVisitor.java,DefaultClassVisitor.java,pljava,pljava-1_3_0,6/18/2006
331,CS331,UnusedParameters,currentRow,assignRowValues,UsingProperties,org.postgresql.pljava.example,pljava-1_3_0/src/java/examples/org/postgresql/pljava/example/UsingProperties.java,UsingProperties.java,pljava,pljava-1_3_0,6/18/2006
332,CS332,UnusedParameters,exceptions,visitMethod,DefaultClassVisitor,org.postgresql.pljava.sqlgen,pljava-1_3_0/src/java5/pljava/org/postgresql/pljava/sqlgen/DefaultClassVisitor.java,DefaultClassVisitor.java,pljava,pljava-1_3_0,6/18/2006
333,CS333,UnusedParameters,attributeNamePattern,getAttributes,SPIDatabaseMetaData,org.postgresql.pljava.jdbc,pljava-1_3_0/src/java/pljava/org/postgresql/pljava/jdbc/SPIDatabaseMetaData.java,SPIDatabaseMetaData.java,pljava,pljava-1_3_0,6/18/2006
334,CS334,UnusedParameters,fromType,supportsConvert,SPIDatabaseMetaData,org.postgresql.pljava.jdbc,pljava-1_3_0/src/java/pljava/org/postgresql/pljava/jdbc/SPIDatabaseMetaData.java,SPIDatabaseMetaData.java,pljava,pljava-1_3_0,6/18/2006
335,CS335,UnusedParameters,value,visitField,PLJavaClassVisitor,org.postgresql.pljava.sqlgen,pljava-1_3_0/src/java5/pljava/org/postgresql/pljava/sqlgen/PLJavaClassVisitor.java,PLJavaClassVisitor.java,pljava,pljava-1_3_0,6/18/2006
336,CS336,UnusedParameters,type,visitTryCatchBlock,DefaultMethodVisitor,org.postgresql.pljava.sqlgen,pljava-1_3_0/src/java5/pljava/org/postgresql/pljava/sqlgen/DefaultMethodVisitor.java,DefaultMethodVisitor.java,pljava,pljava-1_3_0,6/18/2006
337,CS337,UnusedParameters,type,ownUpdatesAreVisible,SPIDatabaseMetaData,org.postgresql.pljava.jdbc,pljava-1_3_0/src/java/pljava/org/postgresql/pljava/jdbc/SPIDatabaseMetaData.java,SPIDatabaseMetaData.java,pljava,pljava-1_3_0,6/18/2006
338,CS338,UnusedParameters,statement,execute,SPIStatement,org.postgresql.pljava.jdbc,pljava-1_3_0/src/java/pljava/org/postgresql/pljava/jdbc/SPIStatement.java,SPIStatement.java,pljava,pljava-1_3_0,6/18/2006
339,CS339,UnusedParameters,foreignCatalog,getImportedExportedKeys,SPIDatabaseMetaData,org.postgresql.pljava.jdbc,pljava-1_3_0/src/java/pljava/org/postgresql/pljava/jdbc/SPIDatabaseMetaData.java,SPIDatabaseMetaData.java,pljava,pljava-1_3_0,6/18/2006
340,CS340,UnusedParameters,name,visit,DefaultAnnotationVisitor,org.postgresql.pljava.sqlgen,pljava-1_3_0/src/java5/pljava/org/postgresql/pljava/sqlgen/DefaultAnnotationVisitor.java,DefaultAnnotationVisitor.java,pljava,pljava-1_3_0,6/18/2006
341,CS341,UnusedParameters,signature,visit,DefaultClassVisitor,org.postgresql.pljava.sqlgen,pljava-1_3_0/src/java5/pljava/org/postgresql/pljava/sqlgen/DefaultClassVisitor.java,DefaultClassVisitor.java,pljava,pljava-1_3_0,6/18/2006
342,AP342,ExcessiveInterLanguageCommunication,,_getOid,TupleDesc,org.postgresql.pljava.internal,pljava-1_3_0/src/java/pljava/org/postgresql/pljava/internal/TupleDesc.java,,pljava,pljava-1_3_0,6/18/2006
343,AP343,ExcessiveInterLanguageCommunication,,_getId,PgSavepoint,org.postgresql.pljava.internal,pljava-1_3_0/src/java/pljava/org/postgresql/pljava/internal/PgSavepoint.java,,pljava,pljava-1_3_0,6/18/2006
344,AP344,TooMuchClustering,,,Portal,org.postgresql.pljava.internal,pljava-1_3_0/src/java/pljava/org/postgresql/pljava/internal/Portal.java,,pljava,pljava-1_3_0,6/18/2006
345,AP345,TooMuchClustering,,,TriggerData,org.postgresql.pljava.internal,pljava-1_3_0/src/java/pljava/org/postgresql/pljava/internal/TriggerData.java,,pljava,pljava-1_3_0,6/18/2006
346,AP346,TooMuchClustering,,,ErrorData,org.postgresql.pljava.internal,pljava-1_3_0/src/java/pljava/org/postgresql/pljava/internal/ErrorData.java,,pljava,pljava-1_3_0,6/18/2006
347,AP347,TooMuchClustering,,,LargeObject,org.postgresql.pljava.internal,pljava-1_3_0/src/java/pljava/org/postgresql/pljava/internal/LargeObject.java,,pljava,pljava-1_3_0,6/18/2006
348,AP348,TooMuchScattering,,,HeapTupleHeader,org.postgresql.pljava.internal,pljava-1_3_0/src/java/pljava/org/postgresql/pljava/internal/HeapTupleHeader.java,,pljava,pljava-1_3_0,6/18/2006
349,AP349,TooMuchScattering,,,ExecutionPlan,org.postgresql.pljava.internal,pljava-1_3_0/src/java/pljava/org/postgresql/pljava/internal/ExecutionPlan.java,,pljava,pljava-1_3_0,6/18/2006
350,AP350,TooMuchScattering,,,Relation,org.postgresql.pljava.internal,pljava-1_3_0/src/java/pljava/org/postgresql/pljava/internal/Relation.java,,pljava,pljava-1_3_0,6/18/2006
351,AP351,TooMuchScattering,,,Invocation,org.postgresql.pljava.jdbc,pljava-1_3_0/src/java/pljava/org/postgresql/pljava/jdbc/Invocation.java,,pljava,pljava-1_3_0,6/18/2006
352,AP352,TooMuchScattering,,,SingleRowReader,org.postgresql.pljava.jdbc,pljava-1_3_0/src/java/pljava/org/postgresql/pljava/jdbc/SingleRowReader.java,,pljava,pljava-1_3_0,6/18/2006
353,AP353,TooMuchScattering,,,Tuple,org.postgresql.pljava.internal,pljava-1_3_0/src/java/pljava/org/postgresql/pljava/internal/Tuple.java,,pljava,pljava-1_3_0,6/18/2006
354,AP354,TooMuchScattering,,,SubXactListener,org.postgresql.pljava.internal,pljava-1_3_0/src/java/pljava/org/postgresql/pljava/internal/SubXactListener.java,,pljava,pljava-1_3_0,6/18/2006
355,AP355,TooMuchScattering,,,SQLOutputToChunk,org.postgresql.pljava.jdbc,pljava-1_3_0/src/java/pljava/org/postgresql/pljava/jdbc/SQLOutputToChunk.java,,pljava,pljava-1_3_0,6/18/2006
356,AP356,TooMuchScattering,,,Oid,org.postgresql.pljava.internal,pljava-1_3_0/src/java/pljava/org/postgresql/pljava/internal/Oid.java,,pljava,pljava-1_3_0,6/18/2006
357,AP357,TooMuchScattering,,,SQLInputFromChunk,org.postgresql.pljava.jdbc,pljava-1_3_0/src/java/pljava/org/postgresql/pljava/jdbc/SQLInputFromChunk.java,,pljava,pljava-1_3_0,6/18/2006
358,AP358,TooMuchScattering,,,XactListener,org.postgresql.pljava.internal,pljava-1_3_0/src/java/pljava/org/postgresql/pljava/internal/XactListener.java,,pljava,pljava-1_3_0,6/18/2006
359,AP359,TooMuchScattering,,,JavaWrapper,org.postgresql.pljava.internal,pljava-1_3_0/src/java/pljava/org/postgresql/pljava/internal/JavaWrapper.java,,pljava,pljava-1_3_0,6/18/2006
360,AP360,TooMuchScattering,,,Session,org.postgresql.pljava.internal,pljava-1_3_0/src/java/pljava/org/postgresql/pljava/internal/Session.java,,pljava,pljava-1_3_0,6/18/2006
361,AP361,TooMuchScattering,,,TupleDesc,org.postgresql.pljava.internal,pljava-1_3_0/src/java/pljava/org/postgresql/pljava/internal/TupleDesc.java,,pljava,pljava-1_3_0,6/18/2006
362,AP362,TooMuchScattering,,,PgSavepoint,org.postgresql.pljava.internal,pljava-1_3_0/src/java/pljava/org/postgresql/pljava/internal/PgSavepoint.java,,pljava,pljava-1_3_0,6/18/2006
363,AP363,TooMuchScattering,,,SQLInputFromTuple,org.postgresql.pljava.jdbc,pljava-1_3_0/src/java/pljava/org/postgresql/pljava/jdbc/SQLInputFromTuple.java,,pljava,pljava-1_3_0,6/18/2006
364,AP364,TooMuchScattering,,,SPI,org.postgresql.pljava.internal,pljava-1_3_0/src/java/pljava/org/postgresql/pljava/internal/SPI.java,,pljava,pljava-1_3_0,6/18/2006
